Subject_ID,Replicate,Treatment,Stimulation,Index
C01.001,01,Control,1,-1
C01.001,01,Control,2,-1
C01.001,01,Control,3,-1
C01.001,01,Control,4,-1
C01.001,01,Control,5,-1
C01.001,01,Control,6,-1
C01.001,01,Control,7,-1
C01.001,01,Control,8,-1
C01.001,01,Control,9,-1
C01.001,01,Control,10,-1
C01.001,01,Control,11,-1
C01.001,01,Control,12,-1
C01.001,01,Control,13,-1
C01.001,01,Control,14,-1
C01.001,01,Control,15,-1
C01.001,01,Control,16,-1
C01.001,01,Control,17,-1
C01.001,01,Control,18,-1
C01.001,01,Control,19,-1
C01.001,01,Control,20,-1
C01.001,01,Control,21,-1
C01.001,01,Control,22,-1
C01.001,01,Control,23,-1
C01.001,01,Control,24,-1
C01.001,01,Control,25,-1
C01.004,01,Control,1,0.3568364
C01.004,01,Control,2,0.03696528
C01.004,01,Control,3,-1
C01.004,01,Control,4,-0.675972416
C01.004,01,Control,5,-1
C01.004,01,Control,6,-1
C01.004,01,Control,7,-1
C01.004,01,Control,8,-1
C01.004,01,Control,9,-1
C01.004,01,Control,10,-1
C01.004,01,Control,11,-1
C01.004,01,Control,12,-1
C01.004,01,Control,13,-0.677229552
C01.004,01,Control,14,-0.3623748
C01.004,01,Control,15,-0.616953987
C01.004,01,Control,16,-0.680501759
C01.004,01,Control,17,-1
C01.004,01,Control,18,-1
C01.004,01,Control,19,-0.694086742
C01.004,01,Control,20,-0.623664293
C01.004,01,Control,21,-1
C01.004,01,Control,22,-1
C01.004,01,Control,23,-1
C01.004,01,Control,24,-1
C01.004,01,Control,25,-1
A01.006,01,ALAN,1,-0.879621987
A01.006,01,ALAN,2,0.039878912
A01.006,01,ALAN,3,-0.012468467
A01.006,01,ALAN,4,-0.444318814
A01.006,01,ALAN,5,-0.475323096
A01.006,01,ALAN,6,-0.653651406
A01.006,01,ALAN,7,-0.679615519
A01.006,01,ALAN,8,0.052872612
A01.006,01,ALAN,9,-0.86571107
A01.006,01,ALAN,10,-0.943571068
A01.006,01,ALAN,11,-0.539417069
A01.006,01,ALAN,12,-1
A01.006,01,ALAN,13,-0.823285424
A01.006,01,ALAN,14,-0.946442515
A01.006,01,ALAN,15,-1
A01.006,01,ALAN,16,-1
A01.006,01,ALAN,17,-1
A01.006,01,ALAN,18,-1
A01.006,01,ALAN,19,-1
A01.006,01,ALAN,20,-1
A01.006,01,ALAN,21,-1
A01.006,01,ALAN,22,-0.892269758
A01.006,01,ALAN,23,-1
A01.006,01,ALAN,24,-1
A01.006,01,ALAN,25,-1
A01.008,01,ALAN,1,0.460819002
A01.008,01,ALAN,2,-0.502839139
A01.008,01,ALAN,3,-0.476800305
A01.008,01,ALAN,4,-0.51903401
A01.008,01,ALAN,5,-1
A01.008,01,ALAN,6,-0.528373776
A01.008,01,ALAN,7,-1
A01.008,01,ALAN,8,-0.508293941
A01.008,01,ALAN,9,-1
A01.008,01,ALAN,10,-1
A01.008,01,ALAN,11,-1
A01.008,01,ALAN,12,0.758746948
A01.008,01,ALAN,13,-1
A01.008,01,ALAN,14,-1
A01.008,01,ALAN,15,1.704965136
A01.008,01,ALAN,16,-1
A01.008,01,ALAN,17,-1
A01.008,01,ALAN,18,-0.523730314
A01.008,01,ALAN,19,-1
A01.008,01,ALAN,20,-0.759401964
A01.008,01,ALAN,21,-1
A01.008,01,ALAN,22,-1
A01.008,01,ALAN,23,-1
A01.008,01,ALAN,24,-1
A01.008,01,ALAN,25,-1
A01.009,01,ALAN,1,-0.162335741
A01.009,01,ALAN,2,0.494473774
A01.009,01,ALAN,3,0.113108717
A01.009,01,ALAN,4,-0.559239706
A01.009,01,ALAN,5,-1
A01.009,01,ALAN,6,-1
A01.009,01,ALAN,7,-1
A01.009,01,ALAN,8,-1
A01.009,01,ALAN,9,-1
A01.009,01,ALAN,10,-1
A01.009,01,ALAN,11,-1
A01.009,01,ALAN,12,-0.953926002
A01.009,01,ALAN,13,-1
A01.009,01,ALAN,14,-1
A01.009,01,ALAN,15,-1
A01.009,01,ALAN,16,-1
A01.009,01,ALAN,17,-1
A01.009,01,ALAN,18,-1
A01.009,01,ALAN,19,-1
A01.009,01,ALAN,20,-1
A01.009,01,ALAN,21,-1
A01.009,01,ALAN,22,-1
A01.009,01,ALAN,23,-1
A01.009,01,ALAN,24,-1
A01.009,01,ALAN,25,-1
A01.010,01,ALAN,1,-0.253085615
A01.010,01,ALAN,2,-1
A01.010,01,ALAN,3,-1
A01.010,01,ALAN,4,-1
A01.010,01,ALAN,5,-1
A01.010,01,ALAN,6,-1
A01.010,01,ALAN,7,-1
A01.010,01,ALAN,8,-1
A01.010,01,ALAN,9,-1
A01.010,01,ALAN,10,-1
A01.010,01,ALAN,11,-1
A01.010,01,ALAN,12,-1
A01.010,01,ALAN,13,-1
A01.010,01,ALAN,14,-1
A01.010,01,ALAN,15,-1
A01.010,01,ALAN,16,-1
A01.010,01,ALAN,17,-1
A01.010,01,ALAN,18,-1
A01.010,01,ALAN,19,-1
A01.010,01,ALAN,20,-1
A01.010,01,ALAN,21,-1
A01.010,01,ALAN,22,-1
A01.010,01,ALAN,23,-1
A01.010,01,ALAN,24,-1
A01.010,01,ALAN,25,-1
A01.011,01,ALAN,1,-0.668415269
A01.011,01,ALAN,2,-1
A01.011,01,ALAN,3,-1
A01.011,01,ALAN,4,-1
A01.011,01,ALAN,5,-1
A01.011,01,ALAN,6,-1
A01.011,01,ALAN,7,-1
A01.011,01,ALAN,8,-1
A01.011,01,ALAN,9,-1
A01.011,01,ALAN,10,-1
A01.011,01,ALAN,11,-0.563691997
A01.011,01,ALAN,12,-0.769760768
A01.011,01,ALAN,13,-0.907587279
A01.011,01,ALAN,14,-0.933847588
A01.011,01,ALAN,15,-0.877855093
A01.011,01,ALAN,16,-1
A01.011,01,ALAN,17,-1
A01.011,01,ALAN,18,-0.936058426
A01.011,01,ALAN,19,-1
A01.011,01,ALAN,20,-0.793551017
A01.011,01,ALAN,21,-1
A01.011,01,ALAN,22,-0.938822192
A01.011,01,ALAN,23,-1
A01.011,01,ALAN,24,-1
A01.011,01,ALAN,25,-0.869995441
A01.012,01,ALAN,1,-0.017500963
A01.012,01,ALAN,2,0.093114216
A01.012,01,ALAN,3,-1
A01.012,01,ALAN,4,12.97381351
A01.012,01,ALAN,5,7.801146935
A01.012,01,ALAN,6,6.479295322
A01.012,01,ALAN,7,1.16165192
A01.012,01,ALAN,8,1.165646705
A01.012,01,ALAN,9,0.88941266
A01.012,01,ALAN,10,-1
A01.012,01,ALAN,11,6.349476409
A01.012,01,ALAN,12,-1
A01.012,01,ALAN,13,-1
A01.012,01,ALAN,14,-1
A01.012,01,ALAN,15,-1
A01.012,01,ALAN,16,-1
A01.012,01,ALAN,17,-0.003257072
A01.012,01,ALAN,18,1.078926001
A01.012,01,ALAN,19,1.977158738
A01.012,01,ALAN,20,2.547526806
A01.012,01,ALAN,21,-0.038481703
A01.012,01,ALAN,22,-1
A01.012,01,ALAN,23,-1
A01.012,01,ALAN,24,-1
A01.012,01,ALAN,25,-1
C02.014,02,Control,1,-0.891842435
C02.014,02,Control,2,-1
C02.014,02,Control,3,-0.777306575
C02.014,02,Control,4,-1
C02.014,02,Control,5,-0.890237467
C02.014,02,Control,6,-0.733301351
C02.014,02,Control,7,-1
C02.014,02,Control,8,-0.874834359
C02.014,02,Control,9,-1
C02.014,02,Control,10,-1
C02.014,02,Control,11,-1
C02.014,02,Control,12,-1
C02.014,02,Control,13,-0.890272647
C02.014,02,Control,14,-1
C02.014,02,Control,15,-1
C02.014,02,Control,16,-1
C02.014,02,Control,17,-1
C02.014,02,Control,18,-1
C02.014,02,Control,19,-1
C02.014,02,Control,20,-1
C02.014,02,Control,21,-1
C02.014,02,Control,22,-0.881699848
C02.014,02,Control,23,-0.892549239
C02.014,02,Control,24,-1
C02.014,02,Control,25,-1
C02.015,02,Control,1,-1
C02.015,02,Control,2,-1
C02.015,02,Control,3,-1
C02.015,02,Control,4,-1
C02.015,02,Control,5,-1
C02.015,02,Control,6,-1
C02.015,02,Control,7,-1
C02.015,02,Control,8,-1
C02.015,02,Control,9,-1
C02.015,02,Control,10,-1
C02.015,02,Control,11,-1
C02.015,02,Control,12,-1
C02.015,02,Control,13,-1
C02.015,02,Control,14,-1
C02.015,02,Control,15,-1
C02.015,02,Control,16,-1
C02.015,02,Control,17,-1
C02.015,02,Control,18,-1
C02.015,02,Control,19,-1
C02.015,02,Control,20,-1
C02.015,02,Control,21,-1
C02.015,02,Control,22,-1
C02.015,02,Control,23,-1
C02.015,02,Control,24,-1
C02.015,02,Control,25,-1
C03.017,03,Control,1,-0.571966617
C03.017,03,Control,2,-0.98481643
C03.017,03,Control,3,-1
C03.017,03,Control,4,-1
C03.017,03,Control,5,-1
C03.017,03,Control,6,-1
C03.017,03,Control,7,-1
C03.017,03,Control,8,-1
C03.017,03,Control,9,-1
C03.017,03,Control,10,-1
C03.017,03,Control,11,-1
C03.017,03,Control,12,-1
C03.017,03,Control,13,-1
C03.017,03,Control,14,-1
C03.017,03,Control,15,-1
C03.017,03,Control,16,-1
C03.017,03,Control,17,-1
C03.017,03,Control,18,-1
C03.017,03,Control,19,-1
C03.017,03,Control,20,-1
C03.017,03,Control,21,-1
C03.017,03,Control,22,-1
C03.017,03,Control,23,-1
C03.017,03,Control,24,-1
C03.017,03,Control,25,-1
C03.020,03,Control,1,-1
C03.020,03,Control,2,-1
C03.020,03,Control,3,-1
C03.020,03,Control,4,-1
C03.020,03,Control,5,-1
C03.020,03,Control,6,-1
C03.020,03,Control,7,-1
C03.020,03,Control,8,-1
C03.020,03,Control,9,-1
C03.020,03,Control,10,-1
C03.020,03,Control,11,-1
C03.020,03,Control,12,-1
C03.020,03,Control,13,-1
C03.020,03,Control,14,-1
C03.020,03,Control,15,-1
C03.020,03,Control,16,-1
C03.020,03,Control,17,-1
C03.020,03,Control,18,-1
C03.020,03,Control,19,-1
C03.020,03,Control,20,-1
C03.020,03,Control,21,-1
C03.020,03,Control,22,-1
C03.020,03,Control,23,-1
C03.020,03,Control,24,-1
C03.020,03,Control,25,-1
A03.023,03,ALAN,1,0.8758754
A03.023,03,ALAN,2,-1
A03.023,03,ALAN,3,-1
A03.023,03,ALAN,4,-0.915448301
A03.023,03,ALAN,5,-1
A03.023,03,ALAN,6,-1
A03.023,03,ALAN,7,-1
A03.023,03,ALAN,8,-1
A03.023,03,ALAN,9,-1
A03.023,03,ALAN,10,-1
A03.023,03,ALAN,11,-1
A03.023,03,ALAN,12,-1
A03.023,03,ALAN,13,-1
A03.023,03,ALAN,14,-1
A03.023,03,ALAN,15,-1
A03.023,03,ALAN,16,-1
A03.023,03,ALAN,17,-1
A03.023,03,ALAN,18,-1
A03.023,03,ALAN,19,-1
A03.023,03,ALAN,20,-1
A03.023,03,ALAN,21,-1
A03.023,03,ALAN,22,-1
A03.023,03,ALAN,23,-1
A03.023,03,ALAN,24,-1
A03.023,03,ALAN,25,-1
A03.024,03,ALAN,1,-1
A03.024,03,ALAN,2,-1
A03.024,03,ALAN,3,-1
A03.024,03,ALAN,4,-1
A03.024,03,ALAN,5,-1
A03.024,03,ALAN,6,-1
A03.024,03,ALAN,7,-1
A03.024,03,ALAN,8,-1
A03.024,03,ALAN,9,-1
A03.024,03,ALAN,10,-1
A03.024,03,ALAN,11,-1
A03.024,03,ALAN,12,-1
A03.024,03,ALAN,13,-1
A03.024,03,ALAN,14,-1
A03.024,03,ALAN,15,-1
A03.024,03,ALAN,16,-1
A03.024,03,ALAN,17,-1
A03.024,03,ALAN,18,-1
A03.024,03,ALAN,19,-1
A03.024,03,ALAN,20,-1
A03.024,03,ALAN,21,-1
A03.024,03,ALAN,22,-1
A03.024,03,ALAN,23,-1
A03.024,03,ALAN,24,-1
A03.024,03,ALAN,25,-1
A04.025,04,ALAN,1,-1
A04.025,04,ALAN,2,-1
A04.025,04,ALAN,3,-1
A04.025,04,ALAN,4,-1
A04.025,04,ALAN,5,-1
A04.025,04,ALAN,6,-1
A04.025,04,ALAN,7,0.543141396
A04.025,04,ALAN,8,-0.687196589
A04.025,04,ALAN,9,-0.909311734
A04.025,04,ALAN,10,-1
A04.025,04,ALAN,11,-1
A04.025,04,ALAN,12,-1
A04.025,04,ALAN,13,-0.701763883
A04.025,04,ALAN,14,-0.50979737
A04.025,04,ALAN,15,-0.822058116
A04.025,04,ALAN,16,0.345861848
A04.025,04,ALAN,17,-1
A04.025,04,ALAN,18,-0.329314585
A04.025,04,ALAN,19,-1
A04.025,04,ALAN,20,-1
A04.025,04,ALAN,21,-1
A04.025,04,ALAN,22,-1
A04.025,04,ALAN,23,-1
A04.025,04,ALAN,24,-1
A04.025,04,ALAN,25,-1
A04.027,04,ALAN,1,-1
A04.027,04,ALAN,2,-1
A04.027,04,ALAN,3,-1
A04.027,04,ALAN,4,-1
A04.027,04,ALAN,5,-1
A04.027,04,ALAN,6,-1
A04.027,04,ALAN,7,-1
A04.027,04,ALAN,8,-1
A04.027,04,ALAN,9,-1
A04.027,04,ALAN,10,-1
A04.027,04,ALAN,11,-1
A04.027,04,ALAN,12,-1
A04.027,04,ALAN,13,-1
A04.027,04,ALAN,14,-1
A04.027,04,ALAN,15,-1
A04.027,04,ALAN,16,-1
A04.027,04,ALAN,17,-1
A04.027,04,ALAN,18,-1
A04.027,04,ALAN,19,-1
A04.027,04,ALAN,20,-1
A04.027,04,ALAN,21,-1
A04.027,04,ALAN,22,-1
A04.027,04,ALAN,23,-1
A04.027,04,ALAN,24,-1
A04.027,04,ALAN,25,-1
A04.028,04,ALAN,1,-1
A04.028,04,ALAN,2,-1
A04.028,04,ALAN,3,-1
A04.028,04,ALAN,4,-0.230513248
A04.028,04,ALAN,5,-0.892956455
A04.028,04,ALAN,6,-1
A04.028,04,ALAN,7,-0.72735667
A04.028,04,ALAN,8,-1
A04.028,04,ALAN,9,-1
A04.028,04,ALAN,10,-1
A04.028,04,ALAN,11,-0.790162033
A04.028,04,ALAN,12,-0.747803008
A04.028,04,ALAN,13,-1
A04.028,04,ALAN,14,-1
A04.028,04,ALAN,15,-0.403036028
A04.028,04,ALAN,16,-0.730944795
A04.028,04,ALAN,17,-1
A04.028,04,ALAN,18,-1
A04.028,04,ALAN,19,-1
A04.028,04,ALAN,20,-1
A04.028,04,ALAN,21,-1
A04.028,04,ALAN,22,-1
A04.028,04,ALAN,23,-1
A04.028,04,ALAN,24,-1
A04.028,04,ALAN,25,-1
C04.031,04,Control,1,-0.672403836
C04.031,04,Control,2,-0.94602102
C04.031,04,Control,3,-1
C04.031,04,Control,4,-1
C04.031,04,Control,5,-1
C04.031,04,Control,6,-1
C04.031,04,Control,7,-1
C04.031,04,Control,8,-1
C04.031,04,Control,9,-1
C04.031,04,Control,10,-1
C04.031,04,Control,11,-1
C04.031,04,Control,12,-1
C04.031,04,Control,13,-1
C04.031,04,Control,14,-1
C04.031,04,Control,15,-1
C04.031,04,Control,16,-1
C04.031,04,Control,17,-1
C04.031,04,Control,18,-1
C04.031,04,Control,19,-1
C04.031,04,Control,20,-1
C04.031,04,Control,21,-1
C04.031,04,Control,22,-1
C04.031,04,Control,23,-1
C04.031,04,Control,24,-1
C04.031,04,Control,25,-1
C04.032,04,Control,1,-0.937556483
C04.032,04,Control,2,-1
C04.032,04,Control,3,-1
C04.032,04,Control,4,-1
C04.032,04,Control,5,-1
C04.032,04,Control,6,-1
C04.032,04,Control,7,-1
C04.032,04,Control,8,-1
C04.032,04,Control,9,-1
C04.032,04,Control,10,-1
C04.032,04,Control,11,-1
C04.032,04,Control,12,-1
C04.032,04,Control,13,-1
C04.032,04,Control,14,-1
C04.032,04,Control,15,-1
C04.032,04,Control,16,-1
C04.032,04,Control,17,-1
C04.032,04,Control,18,-1
C04.032,04,Control,19,-1
C04.032,04,Control,20,-1
C04.032,04,Control,21,-1
C04.032,04,Control,22,-1
C04.032,04,Control,23,-1
C04.032,04,Control,24,-1
C04.032,04,Control,25,-1
C05.034,05,Control,1,-0.015941672
C05.034,05,Control,2,-0.362206732
C05.034,05,Control,3,-0.830301815
C05.034,05,Control,4,-1
C05.034,05,Control,5,-0.480095789
C05.034,05,Control,6,-0.824171157
C05.034,05,Control,7,-0.805899683
C05.034,05,Control,8,-1
C05.034,05,Control,9,-1
C05.034,05,Control,10,-0.497909235
C05.034,05,Control,11,-0.813062322
C05.034,05,Control,12,-0.39237737
C05.034,05,Control,13,-1
C05.034,05,Control,14,-1
C05.034,05,Control,15,-1
C05.034,05,Control,16,-1
C05.034,05,Control,17,-1
C05.034,05,Control,18,-1
C05.034,05,Control,19,-1
C05.034,05,Control,20,-1
C05.034,05,Control,21,-1
C05.034,05,Control,22,-1
C05.034,05,Control,23,-1
C05.034,05,Control,24,-1
C05.034,05,Control,25,-1
C05.036,05,Control,1,-1
C05.036,05,Control,2,-1
C05.036,05,Control,3,-0.926715758
C05.036,05,Control,4,-1
C05.036,05,Control,5,-1
C05.036,05,Control,6,-1
C05.036,05,Control,7,-1
C05.036,05,Control,8,-1
C05.036,05,Control,9,-1
C05.036,05,Control,10,-1
C05.036,05,Control,11,-1
C05.036,05,Control,12,-1
C05.036,05,Control,13,-1
C05.036,05,Control,14,-1
C05.036,05,Control,15,-1
C05.036,05,Control,16,-1
C05.036,05,Control,17,-1
C05.036,05,Control,18,-1
C05.036,05,Control,19,-1
C05.036,05,Control,20,-1
C05.036,05,Control,21,-1
C05.036,05,Control,22,-1
C05.036,05,Control,23,-1
C05.036,05,Control,24,-1
C05.036,05,Control,25,-1
A05.037,05,ALAN,1,-0.462123724
A05.037,05,ALAN,2,-0.415853956
A05.037,05,ALAN,3,-0.859789279
A05.037,05,ALAN,4,-0.834876389
A05.037,05,ALAN,5,-0.805911258
A05.037,05,ALAN,6,-0.88628156
A05.037,05,ALAN,7,-1
A05.037,05,ALAN,8,-1
A05.037,05,ALAN,9,-1
A05.037,05,ALAN,10,-1
A05.037,05,ALAN,11,-0.964970036
A05.037,05,ALAN,12,-0.964061718
A05.037,05,ALAN,13,-0.83654977
A05.037,05,ALAN,14,-0.966730213
A05.037,05,ALAN,15,-1
A05.037,05,ALAN,16,-1
A05.037,05,ALAN,17,-1
A05.037,05,ALAN,18,-1
A05.037,05,ALAN,19,-1
A05.037,05,ALAN,20,-1
A05.037,05,ALAN,21,-1
A05.037,05,ALAN,22,-1
A05.037,05,ALAN,23,-1
A05.037,05,ALAN,24,-1
A05.037,05,ALAN,25,-1
A05.038,05,ALAN,1,-0.855675654
A05.038,05,ALAN,2,-1
A05.038,05,ALAN,3,3.087559643
A05.038,05,ALAN,4,-1
A05.038,05,ALAN,5,-0.691448913
A05.038,05,ALAN,6,-1
A05.038,05,ALAN,7,-0.846966655
A05.038,05,ALAN,8,-1
A05.038,05,ALAN,9,-1
A05.038,05,ALAN,10,-1
A05.038,05,ALAN,11,-0.861775696
A05.038,05,ALAN,12,-1
A05.038,05,ALAN,13,-1
A05.038,05,ALAN,14,-1
A05.038,05,ALAN,15,-1
A05.038,05,ALAN,16,-1
A05.038,05,ALAN,17,-1
A05.038,05,ALAN,18,-1
A05.038,05,ALAN,19,-1
A05.038,05,ALAN,20,-1
A05.038,05,ALAN,21,-1
A05.038,05,ALAN,22,-1
A05.038,05,ALAN,23,-1
A05.038,05,ALAN,24,-1
A05.038,05,ALAN,25,-1
A05.040,05,ALAN,1,-0.475854627
A05.040,05,ALAN,2,-0.691316827
A05.040,05,ALAN,3,-0.645852205
A05.040,05,ALAN,4,-0.812571479
A05.040,05,ALAN,5,-0.828482922
A05.040,05,ALAN,6,-0.546949622
A05.040,05,ALAN,7,-0.869970124
A05.040,05,ALAN,8,8.07464E-05
A05.040,05,ALAN,9,-0.709221972
A05.040,05,ALAN,10,-0.70549002
A05.040,05,ALAN,11,-0.732127521
A05.040,05,ALAN,12,-0.652181254
A05.040,05,ALAN,13,-0.87010108
A05.040,05,ALAN,14,-0.872595556
A05.040,05,ALAN,15,-0.878790419
A05.040,05,ALAN,16,-1
A05.040,05,ALAN,17,-1
A05.040,05,ALAN,18,-0.933333578
A05.040,05,ALAN,19,-1
A05.040,05,ALAN,20,-1
A05.040,05,ALAN,21,-0.936489881
A05.040,05,ALAN,22,-1
A05.040,05,ALAN,23,-1
A05.040,05,ALAN,24,-0.933796769
A05.040,05,ALAN,25,-1
A06.041,06,ALAN,1,-1
A06.041,06,ALAN,2,-0.875510038
A06.041,06,ALAN,3,-0.947169049
A06.041,06,ALAN,4,-1
A06.041,06,ALAN,5,-1
A06.041,06,ALAN,6,-1
A06.041,06,ALAN,7,-0.365519666
A06.041,06,ALAN,8,-1
A06.041,06,ALAN,9,-1
A06.041,06,ALAN,10,-1
A06.041,06,ALAN,11,-1
A06.041,06,ALAN,12,-1
A06.041,06,ALAN,13,-1
A06.041,06,ALAN,14,-1
A06.041,06,ALAN,15,-1
A06.041,06,ALAN,16,-1
A06.041,06,ALAN,17,-1
A06.041,06,ALAN,18,-1
A06.041,06,ALAN,19,-1
A06.041,06,ALAN,20,-1
A06.041,06,ALAN,21,-1
A06.041,06,ALAN,22,-1
A06.041,06,ALAN,23,-1
A06.041,06,ALAN,24,-1
A06.041,06,ALAN,25,-1
A06.042,06,ALAN,1,1.475387798
A06.042,06,ALAN,2,1.204067425
A06.042,06,ALAN,3,-1
A06.042,06,ALAN,4,-1
A06.042,06,ALAN,5,-1
A06.042,06,ALAN,6,-1
A06.042,06,ALAN,7,-1
A06.042,06,ALAN,8,-1
A06.042,06,ALAN,9,-1
A06.042,06,ALAN,10,-1
A06.042,06,ALAN,11,-1
A06.042,06,ALAN,12,-1
A06.042,06,ALAN,13,-1
A06.042,06,ALAN,14,-1
A06.042,06,ALAN,15,-1
A06.042,06,ALAN,16,-1
A06.042,06,ALAN,17,-1
A06.042,06,ALAN,18,-1
A06.042,06,ALAN,19,-1
A06.042,06,ALAN,20,-1
A06.042,06,ALAN,21,-1
A06.042,06,ALAN,22,-1
A06.042,06,ALAN,23,-1
A06.042,06,ALAN,24,-1
A06.042,06,ALAN,25,-1
A06.043,06,ALAN,1,-1
A06.043,06,ALAN,2,-1
A06.043,06,ALAN,3,-1
A06.043,06,ALAN,4,-1
A06.043,06,ALAN,5,-1
A06.043,06,ALAN,6,-0.866324906
A06.043,06,ALAN,7,-0.823301775
A06.043,06,ALAN,8,-1
A06.043,06,ALAN,9,-1
A06.043,06,ALAN,10,-1
A06.043,06,ALAN,11,-1
A06.043,06,ALAN,12,-1
A06.043,06,ALAN,13,-1
A06.043,06,ALAN,14,-0.835622487
A06.043,06,ALAN,15,-1
A06.043,06,ALAN,16,-1
A06.043,06,ALAN,17,-1
A06.043,06,ALAN,18,-1
A06.043,06,ALAN,19,-1
A06.043,06,ALAN,20,-1
A06.043,06,ALAN,21,-1
A06.043,06,ALAN,22,-1
A06.043,06,ALAN,23,-1
A06.043,06,ALAN,24,-1
A06.043,06,ALAN,25,-1
A06.044,06,ALAN,1,-1
A06.044,06,ALAN,2,-1
A06.044,06,ALAN,3,-1
A06.044,06,ALAN,4,-1
A06.044,06,ALAN,5,-1
A06.044,06,ALAN,6,-1
A06.044,06,ALAN,7,-1
A06.044,06,ALAN,8,-1
A06.044,06,ALAN,9,-1
A06.044,06,ALAN,10,-1
A06.044,06,ALAN,11,-1
A06.044,06,ALAN,12,-1
A06.044,06,ALAN,13,-1
A06.044,06,ALAN,14,-1
A06.044,06,ALAN,15,-1
A06.044,06,ALAN,16,-1
A06.044,06,ALAN,17,-1
A06.044,06,ALAN,18,-1
A06.044,06,ALAN,19,-1
A06.044,06,ALAN,20,-1
A06.044,06,ALAN,21,-1
A06.044,06,ALAN,22,-1
A06.044,06,ALAN,23,-1
A06.044,06,ALAN,24,-1
A06.044,06,ALAN,25,-1
C06.045,06,Control,1,-0.823147758
C06.045,06,Control,2,-1
C06.045,06,Control,3,-1
C06.045,06,Control,4,-0.832331204
C06.045,06,Control,5,-0.820449248
C06.045,06,Control,6,-1
C06.045,06,Control,7,-1
C06.045,06,Control,8,-1
C06.045,06,Control,9,-0.904843316
C06.045,06,Control,10,-0.912278538
C06.045,06,Control,11,-1
C06.045,06,Control,12,-0.813174329
C06.045,06,Control,13,-0.909272548
C06.045,06,Control,14,-0.919798885
C06.045,06,Control,15,-1
C06.045,06,Control,16,-1
C06.045,06,Control,17,-1
C06.045,06,Control,18,-1
C06.045,06,Control,19,-1
C06.045,06,Control,20,-1
C06.045,06,Control,21,-1
C06.045,06,Control,22,-1
C06.045,06,Control,23,-0.815848177
C06.045,06,Control,24,-1
C06.045,06,Control,25,-1
C06.048,06,Control,1,-1
C06.048,06,Control,2,-1
C06.048,06,Control,3,-0.033689857
C06.048,06,Control,4,-1
C06.048,06,Control,5,-1
C06.048,06,Control,6,-1
C06.048,06,Control,7,-1
C06.048,06,Control,8,-1
C06.048,06,Control,9,-1
C06.048,06,Control,10,-1
C06.048,06,Control,11,-1
C06.048,06,Control,12,-1
C06.048,06,Control,13,-1
C06.048,06,Control,14,-1
C06.048,06,Control,15,-1
C06.048,06,Control,16,-1
C06.048,06,Control,17,-1
C06.048,06,Control,18,-1
C06.048,06,Control,19,-1
C06.048,06,Control,20,-1
C06.048,06,Control,21,-1
C06.048,06,Control,22,-1
C06.048,06,Control,23,-1
C06.048,06,Control,24,-0.498011838
C06.048,06,Control,25,0.109144564
A03.049,03,ALAN,1,-0.247135581
A03.049,03,ALAN,2,-0.572265391
A03.049,03,ALAN,3,-1
A03.049,03,ALAN,4,-1
A03.049,03,ALAN,5,-1
A03.049,03,ALAN,6,-1
A03.049,03,ALAN,7,-1
A03.049,03,ALAN,8,-1
A03.049,03,ALAN,9,-1
A03.049,03,ALAN,10,-1
A03.049,03,ALAN,11,-1
A03.049,03,ALAN,12,-1
A03.049,03,ALAN,13,-1
A03.049,03,ALAN,14,-1
A03.049,03,ALAN,15,-1
A03.049,03,ALAN,16,-1
A03.049,03,ALAN,17,-1
A03.049,03,ALAN,18,-1
A03.049,03,ALAN,19,-1
A03.049,03,ALAN,20,-1
A03.049,03,ALAN,21,-1
A03.049,03,ALAN,22,-1
A03.049,03,ALAN,23,-1
A03.049,03,ALAN,24,-1
A03.049,03,ALAN,25,-1
A03.050,03,ALAN,1,1.11666141
A03.050,03,ALAN,2,0.753236776
A03.050,03,ALAN,3,0.775912403
A03.050,03,ALAN,4,-1
A03.050,03,ALAN,5,-0.383203539
A03.050,03,ALAN,6,-1
A03.050,03,ALAN,7,-0.216927469
A03.050,03,ALAN,8,-0.885449429
A03.050,03,ALAN,9,-1
A03.050,03,ALAN,10,-1
A03.050,03,ALAN,11,-1
A03.050,03,ALAN,12,-1
A03.050,03,ALAN,13,-1
A03.050,03,ALAN,14,-0.96624534
A03.050,03,ALAN,15,-1
A03.050,03,ALAN,16,-1
A03.050,03,ALAN,17,-1
A03.050,03,ALAN,18,-1
A03.050,03,ALAN,19,-1
A03.050,03,ALAN,20,-1
A03.050,03,ALAN,21,-1
A03.050,03,ALAN,22,-1
A03.050,03,ALAN,23,-1
A03.050,03,ALAN,24,-1
A03.050,03,ALAN,25,-1
A03.051,03,ALAN,1,1.796043125
A03.051,03,ALAN,2,1.627878384
A03.051,03,ALAN,3,-1
A03.051,03,ALAN,4,0.595181998
A03.051,03,ALAN,5,1.265088097
A03.051,03,ALAN,6,0.156697738
A03.051,03,ALAN,7,-0.783821289
A03.051,03,ALAN,8,-0.564092755
A03.051,03,ALAN,9,0.337730405
A03.051,03,ALAN,10,-1
A03.051,03,ALAN,11,-0.766210795
A03.051,03,ALAN,12,-0.11853481
A03.051,03,ALAN,13,-1
A03.051,03,ALAN,14,-1
A03.051,03,ALAN,15,-1
A03.051,03,ALAN,16,-1
A03.051,03,ALAN,17,-1
A03.051,03,ALAN,18,-1
A03.051,03,ALAN,19,-1
A03.051,03,ALAN,20,-1
A03.051,03,ALAN,21,-1
A03.051,03,ALAN,22,-1
A03.051,03,ALAN,23,-1
A03.051,03,ALAN,24,-1
A03.051,03,ALAN,25,-1
A03.052,03,ALAN,1,-0.656911131
A03.052,03,ALAN,2,-1
A03.052,03,ALAN,3,-0.08930191
A03.052,03,ALAN,4,1.766859224
A03.052,03,ALAN,5,-0.840344231
A03.052,03,ALAN,6,-1
A03.052,03,ALAN,7,-1
A03.052,03,ALAN,8,-0.71052437
A03.052,03,ALAN,9,-0.692533523
A03.052,03,ALAN,10,1.863409938
A03.052,03,ALAN,11,-0.455747415
A03.052,03,ALAN,12,-0.245238394
A03.052,03,ALAN,13,1.042606779
A03.052,03,ALAN,14,0.554006726
A03.052,03,ALAN,15,1.239377956
A03.052,03,ALAN,16,1.135306347
A03.052,03,ALAN,17,0.976760573
A03.052,03,ALAN,18,0.130255208
A03.052,03,ALAN,19,0.467928056
A03.052,03,ALAN,20,0.395446998
A03.052,03,ALAN,21,0.738129125
A03.052,03,ALAN,22,0.180724741
A03.052,03,ALAN,23,0.276682434
A03.052,03,ALAN,24,0.994327933
A03.052,03,ALAN,25,0.311300878
C03.053,03,Control,1,-0.914862915
C03.053,03,Control,2,-1
C03.053,03,Control,3,-0.951017596
C03.053,03,Control,4,-1
C03.053,03,Control,5,-1
C03.053,03,Control,6,-0.975608012
C03.053,03,Control,7,-1
C03.053,03,Control,8,-0.976828898
C03.053,03,Control,9,-1
C03.053,03,Control,10,-1
C03.053,03,Control,11,-1
C03.053,03,Control,12,-1
C03.053,03,Control,13,-1
C03.053,03,Control,14,-1
C03.053,03,Control,15,-1
C03.053,03,Control,16,-1
C03.053,03,Control,17,-1
C03.053,03,Control,18,-1
C03.053,03,Control,19,-1
C03.053,03,Control,20,-1
C03.053,03,Control,21,-1
C03.053,03,Control,22,-1
C03.053,03,Control,23,-1
C03.053,03,Control,24,-1
C03.053,03,Control,25,-1
C03.054,03,Control,1,-0.919934838
C03.054,03,Control,2,-1
C03.054,03,Control,3,-1
C03.054,03,Control,4,-1
C03.054,03,Control,5,-1
C03.054,03,Control,6,-1
C03.054,03,Control,7,-1
C03.054,03,Control,8,-1
C03.054,03,Control,9,-1
C03.054,03,Control,10,-1
C03.054,03,Control,11,-1
C03.054,03,Control,12,-1
C03.054,03,Control,13,-1
C03.054,03,Control,14,-1
C03.054,03,Control,15,-1
C03.054,03,Control,16,-1
C03.054,03,Control,17,-1
C03.054,03,Control,18,-1
C03.054,03,Control,19,-1
C03.054,03,Control,20,-1
C03.054,03,Control,21,-1
C03.054,03,Control,22,-1
C03.054,03,Control,23,-1
C03.054,03,Control,24,-1
C03.054,03,Control,25,-1
C03.055,03,Control,1,-0.965448359
C03.055,03,Control,2,-1
C03.055,03,Control,3,-0.567846818
C03.055,03,Control,4,-0.968986532
C03.055,03,Control,5,-1
C03.055,03,Control,6,-0.941078444
C03.055,03,Control,7,-1
C03.055,03,Control,8,-0.904127346
C03.055,03,Control,9,-0.838153536
C03.055,03,Control,10,-0.96473773
C03.055,03,Control,11,-1
C03.055,03,Control,12,-0.911379317
C03.055,03,Control,13,-1
C03.055,03,Control,14,-1
C03.055,03,Control,15,-1
C03.055,03,Control,16,-1
C03.055,03,Control,17,-1
C03.055,03,Control,18,-0.970982848
C03.055,03,Control,19,-1
C03.055,03,Control,20,-1
C03.055,03,Control,21,-1
C03.055,03,Control,22,-1
C03.055,03,Control,23,-1
C03.055,03,Control,24,-1
C03.055,03,Control,25,-1
C03.056,03,Control,1,-0.461782144
C03.056,03,Control,2,-0.663786404
C03.056,03,Control,3,-0.937325814
C03.056,03,Control,4,-1
C03.056,03,Control,5,-0.968453311
C03.056,03,Control,6,-1
C03.056,03,Control,7,-1
C03.056,03,Control,8,-0.922446527
C03.056,03,Control,9,-0.941534609
C03.056,03,Control,10,-1
C03.056,03,Control,11,-1
C03.056,03,Control,12,-1
C03.056,03,Control,13,-1
C03.056,03,Control,14,-1
C03.056,03,Control,15,-1
C03.056,03,Control,16,-1
C03.056,03,Control,17,-1
C03.056,03,Control,18,-1
C03.056,03,Control,19,-1
C03.056,03,Control,20,-1
C03.056,03,Control,21,-1
C03.056,03,Control,22,-1
C03.056,03,Control,23,-1
C03.056,03,Control,24,-1
C03.056,03,Control,25,-1
C04.058,04,Control,1,-1
C04.058,04,Control,2,-1
C04.058,04,Control,3,-1
C04.058,04,Control,4,-0.889852702
C04.058,04,Control,5,-1
C04.058,04,Control,6,-1
C04.058,04,Control,7,-1
C04.058,04,Control,8,-1
C04.058,04,Control,9,-1
C04.058,04,Control,10,-1
C04.058,04,Control,11,-1
C04.058,04,Control,12,-1
C04.058,04,Control,13,-1
C04.058,04,Control,14,-1
C04.058,04,Control,15,-1
C04.058,04,Control,16,-1
C04.058,04,Control,17,-1
C04.058,04,Control,18,-1
C04.058,04,Control,19,-1
C04.058,04,Control,20,-1
C04.058,04,Control,21,-1
C04.058,04,Control,22,-1
C04.058,04,Control,23,-1
C04.058,04,Control,24,-1
C04.058,04,Control,25,-1
C04.060,04,Control,1,0.03955349
C04.060,04,Control,2,-0.008386997
C04.060,04,Control,3,0.490603458
C04.060,04,Control,4,0.445108183
C04.060,04,Control,5,0.299074483
C04.060,04,Control,6,-0.4115821
C04.060,04,Control,7,-0.960129309
C04.060,04,Control,8,-0.566472722
C04.060,04,Control,9,-0.44610379
C04.060,04,Control,10,-0.656593111
C04.060,04,Control,11,-0.957082154
C04.060,04,Control,12,-0.169543972
C04.060,04,Control,13,-0.111290984
C04.060,04,Control,14,-0.95715105
C04.060,04,Control,15,-0.705055296
C04.060,04,Control,16,-1
C04.060,04,Control,17,-0.925091895
C04.060,04,Control,18,-0.830167103
C04.060,04,Control,19,-1
C04.060,04,Control,20,-0.856030991
C04.060,04,Control,21,-0.950567894
C04.060,04,Control,22,-1
C04.060,04,Control,23,-1
C04.060,04,Control,24,-1
C04.060,04,Control,25,-1
A04.061,04,ALAN,1,0.172961591
A04.061,04,ALAN,2,0.102054561
A04.061,04,ALAN,3,-0.411049283
A04.061,04,ALAN,4,-0.269034094
A04.061,04,ALAN,5,-0.229506198
A04.061,04,ALAN,6,-1
A04.061,04,ALAN,7,-0.932014518
A04.061,04,ALAN,8,-1
A04.061,04,ALAN,9,-1
A04.061,04,ALAN,10,-1
A04.061,04,ALAN,11,-1
A04.061,04,ALAN,12,-1
A04.061,04,ALAN,13,-1
A04.061,04,ALAN,14,-1
A04.061,04,ALAN,15,-1
A04.061,04,ALAN,16,-1
A04.061,04,ALAN,17,-1
A04.061,04,ALAN,18,-1
A04.061,04,ALAN,19,-1
A04.061,04,ALAN,20,-1
A04.061,04,ALAN,21,-1
A04.061,04,ALAN,22,-1
A04.061,04,ALAN,23,-1
A04.061,04,ALAN,24,-1
A04.061,04,ALAN,25,-1
A04.062,04,ALAN,1,-1
A04.062,04,ALAN,2,-1
A04.062,04,ALAN,3,-0.829089233
A04.062,04,ALAN,4,-0.89560424
A04.062,04,ALAN,5,-0.942135409
A04.062,04,ALAN,6,-0.869728989
A04.062,04,ALAN,7,-0.866237106
A04.062,04,ALAN,8,-0.799035831
A04.062,04,ALAN,9,-0.839271275
A04.062,04,ALAN,10,-0.94850916
A04.062,04,ALAN,11,-1
A04.062,04,ALAN,12,-1
A04.062,04,ALAN,13,-1
A04.062,04,ALAN,14,-0.885229921
A04.062,04,ALAN,15,-0.937049075
A04.062,04,ALAN,16,-0.885682366
A04.062,04,ALAN,17,-0.880492674
A04.062,04,ALAN,18,-0.660182295
A04.062,04,ALAN,19,-0.829048447
A04.062,04,ALAN,20,-0.87170698
A04.062,04,ALAN,21,-0.651771781
A04.062,04,ALAN,22,-0.817175182
A04.062,04,ALAN,23,-0.744672497
A04.062,04,ALAN,24,-0.412842247
A04.062,04,ALAN,25,-0.88254413
A04.063,04,ALAN,1,-0.208683948
A04.063,04,ALAN,2,-1
A04.063,04,ALAN,3,-0.965071412
A04.063,04,ALAN,4,-0.966097301
A04.063,04,ALAN,5,-1
A04.063,04,ALAN,6,-1
A04.063,04,ALAN,7,-1
A04.063,04,ALAN,8,-1
A04.063,04,ALAN,9,-1
A04.063,04,ALAN,10,-1
A04.063,04,ALAN,11,-1
A04.063,04,ALAN,12,-1
A04.063,04,ALAN,13,-0.963203243
A04.063,04,ALAN,14,-0.963816455
A04.063,04,ALAN,15,-1
A04.063,04,ALAN,16,-1
A04.063,04,ALAN,17,-0.930665764
A04.063,04,ALAN,18,-0.966415998
A04.063,04,ALAN,19,-0.963978947
A04.063,04,ALAN,20,-0.967611794
A04.063,04,ALAN,21,-1
A04.063,04,ALAN,22,-1
A04.063,04,ALAN,23,-1
A04.063,04,ALAN,24,-1
A04.063,04,ALAN,25,-1
A04.064,04,ALAN,1,0.527082339
A04.064,04,ALAN,2,-0.064407022
A04.064,04,ALAN,3,-0.895241628
A04.064,04,ALAN,4,-0.882698931
A04.064,04,ALAN,5,-0.528785421
A04.064,04,ALAN,6,-0.612043221
A04.064,04,ALAN,7,-0.804606908
A04.064,04,ALAN,8,-0.134662723
A04.064,04,ALAN,9,-1
A04.064,04,ALAN,10,-1
A04.064,04,ALAN,11,-1
A04.064,04,ALAN,12,-0.509297777
A04.064,04,ALAN,13,-0.249833031
A04.064,04,ALAN,14,-0.647955825
A04.064,04,ALAN,15,-0.392355214
A04.064,04,ALAN,16,-0.948579811
A04.064,04,ALAN,17,-0.318540693
A04.064,04,ALAN,18,-1
A04.064,04,ALAN,19,-1
A04.064,04,ALAN,20,-1
A04.064,04,ALAN,21,-1
A04.064,04,ALAN,22,-1
A04.064,04,ALAN,23,-1
A04.064,04,ALAN,24,-1
A04.064,04,ALAN,25,-1
A05.065,05,ALAN,1,-0.478766721
A05.065,05,ALAN,2,-1
A05.065,05,ALAN,3,-1
A05.065,05,ALAN,4,-1
A05.065,05,ALAN,5,-0.871887709
A05.065,05,ALAN,6,-0.626291452
A05.065,05,ALAN,7,-1
A05.065,05,ALAN,8,-0.947582562
A05.065,05,ALAN,9,-0.950491088
A05.065,05,ALAN,10,-0.950210197
A05.065,05,ALAN,11,-1
A05.065,05,ALAN,12,-1
A05.065,05,ALAN,13,-1
A05.065,05,ALAN,14,-1
A05.065,05,ALAN,15,-1
A05.065,05,ALAN,16,-1
A05.065,05,ALAN,17,-0.946838789
A05.065,05,ALAN,18,-0.949423936
A05.065,05,ALAN,19,-1
A05.065,05,ALAN,20,-1
A05.065,05,ALAN,21,-1
A05.065,05,ALAN,22,-1
A05.065,05,ALAN,23,-1
A05.065,05,ALAN,24,-1
A05.065,05,ALAN,25,-1
A05.067,05,ALAN,1,-1
A05.067,05,ALAN,2,-1
A05.067,05,ALAN,3,-1
A05.067,05,ALAN,4,-1
A05.067,05,ALAN,5,-0.927106451
A05.067,05,ALAN,6,-0.919729944
A05.067,05,ALAN,7,-0.926887125
A05.067,05,ALAN,8,-1
A05.067,05,ALAN,9,-1
A05.067,05,ALAN,10,-1
A05.067,05,ALAN,11,-0.927223521
A05.067,05,ALAN,12,-1
A05.067,05,ALAN,13,-1
A05.067,05,ALAN,14,-1
A05.067,05,ALAN,15,-1
A05.067,05,ALAN,16,-1
A05.067,05,ALAN,17,-1
A05.067,05,ALAN,18,-1
A05.067,05,ALAN,19,-1
A05.067,05,ALAN,20,-1
A05.067,05,ALAN,21,-1
A05.067,05,ALAN,22,-1
A05.067,05,ALAN,23,-1
A05.067,05,ALAN,24,-1
A05.067,05,ALAN,25,-1
A05.068,05,ALAN,1,-0.552605433
A05.068,05,ALAN,2,-0.462148617
A05.068,05,ALAN,3,-0.614519672
A05.068,05,ALAN,4,-0.741383275
A05.068,05,ALAN,5,-0.899618951
A05.068,05,ALAN,6,-1
A05.068,05,ALAN,7,-0.938410796
A05.068,05,ALAN,8,-0.935716476
A05.068,05,ALAN,9,-0.931850853
A05.068,05,ALAN,10,-0.933029821
A05.068,05,ALAN,11,-1
A05.068,05,ALAN,12,-1
A05.068,05,ALAN,13,-1
A05.068,05,ALAN,14,-1
A05.068,05,ALAN,15,-1
A05.068,05,ALAN,16,-1
A05.068,05,ALAN,17,-1
A05.068,05,ALAN,18,-1
A05.068,05,ALAN,19,-1
A05.068,05,ALAN,20,-1
A05.068,05,ALAN,21,-1
A05.068,05,ALAN,22,-1
A05.068,05,ALAN,23,-1
A05.068,05,ALAN,24,-1
A05.068,05,ALAN,25,-1
C05.069,05,Control,1,-0.176604831
C05.069,05,Control,2,-0.354244249
C05.069,05,Control,3,-0.723305092
C05.069,05,Control,4,-0.55703317
C05.069,05,Control,5,-0.970228962
C05.069,05,Control,6,-1
C05.069,05,Control,7,-1
C05.069,05,Control,8,-0.733548788
C05.069,05,Control,9,-0.803933729
C05.069,05,Control,10,-0.63817838
C05.069,05,Control,11,-0.679209283
C05.069,05,Control,12,-1
C05.069,05,Control,13,-0.93975026
C05.069,05,Control,14,-0.817140168
C05.069,05,Control,15,-0.717235713
C05.069,05,Control,16,-1
C05.069,05,Control,17,-1
C05.069,05,Control,18,-0.970706396
C05.069,05,Control,19,-0.768642692
C05.069,05,Control,20,-0.966582586
C05.069,05,Control,21,-1
C05.069,05,Control,22,-0.906231114
C05.069,05,Control,23,-0.911041291
C05.069,05,Control,24,-0.937910021
C05.069,05,Control,25,-0.923791304
C05.070,05,Control,1,-0.692385078
C05.070,05,Control,2,-0.874224031
C05.070,05,Control,3,-0.719922822
C05.070,05,Control,4,-0.44606441
C05.070,05,Control,5,-0.178502341
C05.070,05,Control,6,-0.784917554
C05.070,05,Control,7,-1
C05.070,05,Control,8,-1
C05.070,05,Control,9,-0.90659014
C05.070,05,Control,10,-0.949929554
C05.070,05,Control,11,-0.008906473
C05.070,05,Control,12,-1
C05.070,05,Control,13,-1
C05.070,05,Control,14,-1
C05.070,05,Control,15,-1
C05.070,05,Control,16,-1
C05.070,05,Control,17,-1
C05.070,05,Control,18,-1
C05.070,05,Control,19,-1
C05.070,05,Control,20,-1
C05.070,05,Control,21,-1
C05.070,05,Control,22,-1
C05.070,05,Control,23,-1
C05.070,05,Control,24,-1
C05.070,05,Control,25,-1
C05.071,05,Control,1,-0.891067469
C05.071,05,Control,2,-0.434504959
C05.071,05,Control,3,-0.745953503
C05.071,05,Control,4,-0.758328727
C05.071,05,Control,5,-0.895925866
C05.071,05,Control,6,-1
C05.071,05,Control,7,-1
C05.071,05,Control,8,-1
C05.071,05,Control,9,-1
C05.071,05,Control,10,-0.995405538
C05.071,05,Control,11,-1
C05.071,05,Control,12,-1
C05.071,05,Control,13,-1
C05.071,05,Control,14,-1
C05.071,05,Control,15,-1
C05.071,05,Control,16,-1
C05.071,05,Control,17,-1
C05.071,05,Control,18,-1
C05.071,05,Control,19,-1
C05.071,05,Control,20,-1
C05.071,05,Control,21,-1
C05.071,05,Control,22,-1
C05.071,05,Control,23,-1
C05.071,05,Control,24,-1
C05.071,05,Control,25,-1
C05.072,05,Control,1,-1
C05.072,05,Control,2,-1
C05.072,05,Control,3,-1
C05.072,05,Control,4,-1
C05.072,05,Control,5,-1
C05.072,05,Control,6,-1
C05.072,05,Control,7,-1
C05.072,05,Control,8,-0.695443657
C05.072,05,Control,9,2.044797472
C05.072,05,Control,10,2.770802885
C05.072,05,Control,11,2.037384967
C05.072,05,Control,12,3.769724366
C05.072,05,Control,13,5.30879506
C05.072,05,Control,14,0.06047739
C05.072,05,Control,15,0.439582528
C05.072,05,Control,16,3.383088124
C05.072,05,Control,17,-0.49889739
C05.072,05,Control,18,-0.105723318
C05.072,05,Control,19,-0.690909675
C05.072,05,Control,20,-1
C05.072,05,Control,21,-1
C05.072,05,Control,22,-1
C05.072,05,Control,23,-0.408999769
C05.072,05,Control,24,-1
C05.072,05,Control,25,-0.247855624
C06.073,06,Control,1,-1
C06.073,06,Control,2,1.061163785
C06.073,06,Control,3,-1
C06.073,06,Control,4,0.009075254
C06.073,06,Control,5,0.06640346
C06.073,06,Control,6,0.046046516
C06.073,06,Control,7,-1
C06.073,06,Control,8,-1
C06.073,06,Control,9,-1
C06.073,06,Control,10,-1
C06.073,06,Control,11,-1
C06.073,06,Control,12,-1
C06.073,06,Control,13,-1
C06.073,06,Control,14,-1
C06.073,06,Control,15,-1
C06.073,06,Control,16,-1
C06.073,06,Control,17,-1
C06.073,06,Control,18,-1
C06.073,06,Control,19,1.082313285
C06.073,06,Control,20,-1
C06.073,06,Control,21,-1
C06.073,06,Control,22,-1
C06.073,06,Control,23,-1
C06.073,06,Control,24,-1
C06.073,06,Control,25,-1
C06.074,06,Control,1,-0.969146254
C06.074,06,Control,2,-1
C06.074,06,Control,3,-1
C06.074,06,Control,4,-1
C06.074,06,Control,5,-1
C06.074,06,Control,6,-1
C06.074,06,Control,7,-1
C06.074,06,Control,8,-0.93775536
C06.074,06,Control,9,-1
C06.074,06,Control,10,-0.971264564
C06.074,06,Control,11,-1
C06.074,06,Control,12,-1
C06.074,06,Control,13,-1
C06.074,06,Control,14,-1
C06.074,06,Control,15,-1
C06.074,06,Control,16,-1
C06.074,06,Control,17,-1
C06.074,06,Control,18,-0.970996621
C06.074,06,Control,19,-1
C06.074,06,Control,20,-1
C06.074,06,Control,21,-0.971797227
C06.074,06,Control,22,-1
C06.074,06,Control,23,-0.969717054
C06.074,06,Control,24,-0.938310736
C06.074,06,Control,25,-1
C06.075,06,Control,1,-0.897501584
C06.075,06,Control,2,-0.893944004
C06.075,06,Control,3,-0.902213349
C06.075,06,Control,4,-1
C06.075,06,Control,5,-1
C06.075,06,Control,6,-1
C06.075,06,Control,7,-1
C06.075,06,Control,8,-1
C06.075,06,Control,9,-1
C06.075,06,Control,10,-0.79197157
C06.075,06,Control,11,-1
C06.075,06,Control,12,-1
C06.075,06,Control,13,-1
C06.075,06,Control,14,-1
C06.075,06,Control,15,-0.800846563
C06.075,06,Control,16,-1
C06.075,06,Control,17,-1
C06.075,06,Control,18,-1
C06.075,06,Control,19,-1
C06.075,06,Control,20,-1
C06.075,06,Control,21,-1
C06.075,06,Control,22,-1
C06.075,06,Control,23,-1
C06.075,06,Control,24,-1
C06.075,06,Control,25,-1
C06.076,06,Control,1,-0.960271383
C06.076,06,Control,2,-1
C06.076,06,Control,3,-0.918755659
C06.076,06,Control,4,-1
C06.076,06,Control,5,-0.472379397
C06.076,06,Control,6,-0.833013153
C06.076,06,Control,7,-0.910632463
C06.076,06,Control,8,-0.831492514
C06.076,06,Control,9,-0.637740828
C06.076,06,Control,10,-0.572227129
C06.076,06,Control,11,-0.920941359
C06.076,06,Control,12,-0.880181427
C06.076,06,Control,13,-0.790530976
C06.076,06,Control,14,-0.960978021
C06.076,06,Control,15,-1
C06.076,06,Control,16,-1
C06.076,06,Control,17,-1
C06.076,06,Control,18,-1
C06.076,06,Control,19,-1
C06.076,06,Control,20,-1
C06.076,06,Control,21,-1
C06.076,06,Control,22,-1
C06.076,06,Control,23,-1
C06.076,06,Control,24,-1
C06.076,06,Control,25,-1
A06.077,06,ALAN,1,-0.911090353
A06.077,06,ALAN,2,-1
A06.077,06,ALAN,3,-1
A06.077,06,ALAN,4,-1
A06.077,06,ALAN,5,-1
A06.077,06,ALAN,6,-1
A06.077,06,ALAN,7,-1
A06.077,06,ALAN,8,-1
A06.077,06,ALAN,9,-1
A06.077,06,ALAN,10,-1
A06.077,06,ALAN,11,-1
A06.077,06,ALAN,12,-1
A06.077,06,ALAN,13,-1
A06.077,06,ALAN,14,-1
A06.077,06,ALAN,15,-1
A06.077,06,ALAN,16,-1
A06.077,06,ALAN,17,-1
A06.077,06,ALAN,18,-1
A06.077,06,ALAN,19,-1
A06.077,06,ALAN,20,-1
A06.077,06,ALAN,21,-1
A06.077,06,ALAN,22,-1
A06.077,06,ALAN,23,-1
A06.077,06,ALAN,24,-1
A06.077,06,ALAN,25,-1
A06.078,06,ALAN,1,0.644881914
A06.078,06,ALAN,2,0.292803919
A06.078,06,ALAN,3,-0.567593244
A06.078,06,ALAN,4,-0.279814205
A06.078,06,ALAN,5,-0.260903503
A06.078,06,ALAN,6,-0.651832528
A06.078,06,ALAN,7,-0.823417432
A06.078,06,ALAN,8,-0.612221475
A06.078,06,ALAN,9,-1
A06.078,06,ALAN,10,-0.941591991
A06.078,06,ALAN,11,-1
A06.078,06,ALAN,12,-0.832591113
A06.078,06,ALAN,13,-0.939443643
A06.078,06,ALAN,14,-0.710354284
A06.078,06,ALAN,15,-1
A06.078,06,ALAN,16,-1
A06.078,06,ALAN,17,-1
A06.078,06,ALAN,18,-1
A06.078,06,ALAN,19,-1
A06.078,06,ALAN,20,-1
A06.078,06,ALAN,21,-0.890575204
A06.078,06,ALAN,22,-1
A06.078,06,ALAN,23,-1
A06.078,06,ALAN,24,-1
A06.078,06,ALAN,25,-1
A06.079,06,ALAN,1,0.07118441
A06.079,06,ALAN,2,-0.549748275
A06.079,06,ALAN,3,0.81258534
A06.079,06,ALAN,4,0.974014695
A06.079,06,ALAN,5,-0.899021429
A06.079,06,ALAN,6,-1
A06.079,06,ALAN,7,-1
A06.079,06,ALAN,8,0.84202142
A06.079,06,ALAN,9,-0.90632193
A06.079,06,ALAN,10,0.171479792
A06.079,06,ALAN,11,-0.571129142
A06.079,06,ALAN,12,-1
A06.079,06,ALAN,13,-1
A06.079,06,ALAN,14,-1
A06.079,06,ALAN,15,-1
A06.079,06,ALAN,16,-0.905827768
A06.079,06,ALAN,17,-1
A06.079,06,ALAN,18,-1
A06.079,06,ALAN,19,-1
A06.079,06,ALAN,20,-1
A06.079,06,ALAN,21,-1
A06.079,06,ALAN,22,-1
A06.079,06,ALAN,23,-1
A06.079,06,ALAN,24,-1
A06.079,06,ALAN,25,-0.674512572
A06.080,06,ALAN,1,-0.258953322
A06.080,06,ALAN,2,-0.291507198
A06.080,06,ALAN,3,-0.853065591
A06.080,06,ALAN,4,-0.950437718
A06.080,06,ALAN,5,-0.898633417
A06.080,06,ALAN,6,-1
A06.080,06,ALAN,7,-0.812283153
A06.080,06,ALAN,8,-1
A06.080,06,ALAN,9,-1
A06.080,06,ALAN,10,-0.892806716
A06.080,06,ALAN,11,-1
A06.080,06,ALAN,12,-1
A06.080,06,ALAN,13,-1
A06.080,06,ALAN,14,-1
A06.080,06,ALAN,15,-1
A06.080,06,ALAN,16,-1
A06.080,06,ALAN,17,-1
A06.080,06,ALAN,18,-0.894955513
A06.080,06,ALAN,19,-1
A06.080,06,ALAN,20,-1
A06.080,06,ALAN,21,-0.901589913
A06.080,06,ALAN,22,-1
A06.080,06,ALAN,23,-1
A06.080,06,ALAN,24,-1
A06.080,06,ALAN,25,-0.9041306
A01.081,01,ALAN,1,-0.622122076
A01.081,01,ALAN,2,-0.451936856
A01.081,01,ALAN,3,-0.811582034
A01.081,01,ALAN,4,-0.828427904
A01.081,01,ALAN,5,-0.640294022
A01.081,01,ALAN,6,-0.893484202
A01.081,01,ALAN,7,-0.884024517
A01.081,01,ALAN,8,-0.785934799
A01.081,01,ALAN,9,-0.719967545
A01.081,01,ALAN,10,-0.518364305
A01.081,01,ALAN,11,-1
A01.081,01,ALAN,12,-0.97809953
A01.081,01,ALAN,13,-0.892049106
A01.081,01,ALAN,14,-0.64470938
A01.081,01,ALAN,15,-0.842406727
A01.081,01,ALAN,16,-0.953631401
A01.081,01,ALAN,17,-0.901766143
A01.081,01,ALAN,18,-0.95302843
A01.081,01,ALAN,19,-0.838914904
A01.081,01,ALAN,20,-0.88957726
A01.081,01,ALAN,21,-0.918657299
A01.081,01,ALAN,22,-0.863002297
A01.081,01,ALAN,23,-0.900180514
A01.081,01,ALAN,24,-0.856300639
A01.081,01,ALAN,25,-0.912754745
A01.082,01,ALAN,1,1.072977657
A01.082,01,ALAN,2,-0.287394097
A01.082,01,ALAN,3,-0.840720337
A01.082,01,ALAN,4,-0.901430658
A01.082,01,ALAN,5,-1
A01.082,01,ALAN,6,-1
A01.082,01,ALAN,7,-0.904535919
A01.082,01,ALAN,8,-0.86980893
A01.082,01,ALAN,9,-1
A01.082,01,ALAN,10,-1
A01.082,01,ALAN,11,-1
A01.082,01,ALAN,12,-0.899665587
A01.082,01,ALAN,13,-1
A01.082,01,ALAN,14,-1
A01.082,01,ALAN,15,-1
A01.082,01,ALAN,16,-1
A01.082,01,ALAN,17,-1
A01.082,01,ALAN,18,-1
A01.082,01,ALAN,19,-1
A01.082,01,ALAN,20,-1
A01.082,01,ALAN,21,-1
A01.082,01,ALAN,22,-1
A01.082,01,ALAN,23,-1
A01.082,01,ALAN,24,-1
A01.082,01,ALAN,25,-1
A01.083,01,ALAN,1,0.167484803
A01.083,01,ALAN,2,-1
A01.083,01,ALAN,3,-0.535894142
A01.083,01,ALAN,4,-1
A01.083,01,ALAN,5,-0.864980161
A01.083,01,ALAN,6,-1
A01.083,01,ALAN,7,-0.497413969
A01.083,01,ALAN,8,-1
A01.083,01,ALAN,9,-1
A01.083,01,ALAN,10,-0.616850853
A01.083,01,ALAN,11,-0.77603136
A01.083,01,ALAN,12,-0.555120559
A01.083,01,ALAN,13,-0.869269018
A01.083,01,ALAN,14,-0.862375054
A01.083,01,ALAN,15,-0.397349111
A01.083,01,ALAN,16,-0.866646107
A01.083,01,ALAN,17,-1
A01.083,01,ALAN,18,-0.687350256
A01.083,01,ALAN,19,-1
A01.083,01,ALAN,20,-1
A01.083,01,ALAN,21,0.53626294
A01.083,01,ALAN,22,-1
A01.083,01,ALAN,23,-1
A01.083,01,ALAN,24,-1
A01.083,01,ALAN,25,-1
A01.084,01,ALAN,1,-1
A01.084,01,ALAN,2,-1
A01.084,01,ALAN,3,-1
A01.084,01,ALAN,4,-1
A01.084,01,ALAN,5,-1
A01.084,01,ALAN,6,-1
A01.084,01,ALAN,7,-1
A01.084,01,ALAN,8,-1
A01.084,01,ALAN,9,-1
A01.084,01,ALAN,10,-1
A01.084,01,ALAN,11,-1
A01.084,01,ALAN,12,-1
A01.084,01,ALAN,13,-1
A01.084,01,ALAN,14,-1
A01.084,01,ALAN,15,-1
A01.084,01,ALAN,16,-1
A01.084,01,ALAN,17,-1
A01.084,01,ALAN,18,-1
A01.084,01,ALAN,19,-1
A01.084,01,ALAN,20,-1
A01.084,01,ALAN,21,-1
A01.084,01,ALAN,22,-1
A01.084,01,ALAN,23,-1
A01.084,01,ALAN,24,-1
A01.084,01,ALAN,25,-1
C01.085,01,Control,1,-1
C01.085,01,Control,2,-1
C01.085,01,Control,3,-1
C01.085,01,Control,4,-1
C01.085,01,Control,5,-1
C01.085,01,Control,6,-1
C01.085,01,Control,7,-1
C01.085,01,Control,8,-1
C01.085,01,Control,9,-1
C01.085,01,Control,10,-1
C01.085,01,Control,11,-1
C01.085,01,Control,12,-1
C01.085,01,Control,13,-1
C01.085,01,Control,14,-1
C01.085,01,Control,15,-1
C01.085,01,Control,16,-1
C01.085,01,Control,17,-1
C01.085,01,Control,18,-1
C01.085,01,Control,19,-1
C01.085,01,Control,20,-1
C01.085,01,Control,21,-1
C01.085,01,Control,22,-1
C01.085,01,Control,23,-1
C01.085,01,Control,24,-1
C01.085,01,Control,25,-1
C01.086,01,Control,1,-0.633021594
C01.086,01,Control,2,-0.673191695
C01.086,01,Control,3,-0.974938035
C01.086,01,Control,4,-0.924113281
C01.086,01,Control,5,-0.970083311
C01.086,01,Control,6,-0.967426885
C01.086,01,Control,7,-0.586215757
C01.086,01,Control,8,-1
C01.086,01,Control,9,-1
C01.086,01,Control,10,-0.952203067
C01.086,01,Control,11,-1
C01.086,01,Control,12,-1
C01.086,01,Control,13,-1
C01.086,01,Control,14,-1
C01.086,01,Control,15,-1
C01.086,01,Control,16,-1
C01.086,01,Control,17,-0.974975624
C01.086,01,Control,18,-1
C01.086,01,Control,19,-0.976869625
C01.086,01,Control,20,-1
C01.086,01,Control,21,-1
C01.086,01,Control,22,-1
C01.086,01,Control,23,-1
C01.086,01,Control,24,-1
C01.086,01,Control,25,-1
C01.088,01,Control,1,-0.607792755
C01.088,01,Control,2,-0.711370378
C01.088,01,Control,3,-0.908245277
C01.088,01,Control,4,-0.828853018
C01.088,01,Control,5,-1
C01.088,01,Control,6,-0.94527717
C01.088,01,Control,7,-1
C01.088,01,Control,8,-0.89310288
C01.088,01,Control,9,-1
C01.088,01,Control,10,-1
C01.088,01,Control,11,-1
C01.088,01,Control,12,-1
C01.088,01,Control,13,-1
C01.088,01,Control,14,-1
C01.088,01,Control,15,-0.978033195
C01.088,01,Control,16,-0.977123017
C01.088,01,Control,17,-1
C01.088,01,Control,18,-1
C01.088,01,Control,19,-0.978091471
C01.088,01,Control,20,-1
C01.088,01,Control,21,-1
C01.088,01,Control,22,-1
C01.088,01,Control,23,-1
C01.088,01,Control,24,-1
C01.088,01,Control,25,-1
C02.089,02,Control,1,-1
C02.089,02,Control,2,-1
C02.089,02,Control,3,-1
C02.089,02,Control,4,-1
C02.089,02,Control,5,-1
C02.089,02,Control,6,-1
C02.089,02,Control,7,-1
C02.089,02,Control,8,-1
C02.089,02,Control,9,-1
C02.089,02,Control,10,-1
C02.089,02,Control,11,-1
C02.089,02,Control,12,-1
C02.089,02,Control,13,-1
C02.089,02,Control,14,-1
C02.089,02,Control,15,-1
C02.089,02,Control,16,-1
C02.089,02,Control,17,-1
C02.089,02,Control,18,-1
C02.089,02,Control,19,-1
C02.089,02,Control,20,-1
C02.089,02,Control,21,-1
C02.089,02,Control,22,-1
C02.089,02,Control,23,-1
C02.089,02,Control,24,-1
C02.089,02,Control,25,-1
C02.090,02,Control,1,-0.695345998
C02.090,02,Control,2,-1
C02.090,02,Control,3,-1
C02.090,02,Control,4,-1
C02.090,02,Control,5,-1
C02.090,02,Control,6,-1
C02.090,02,Control,7,-1
C02.090,02,Control,8,-1
C02.090,02,Control,9,-1
C02.090,02,Control,10,-1
C02.090,02,Control,11,-1
C02.090,02,Control,12,-1
C02.090,02,Control,13,-1
C02.090,02,Control,14,-1
C02.090,02,Control,15,-1
C02.090,02,Control,16,-1
C02.090,02,Control,17,-1
C02.090,02,Control,18,-1
C02.090,02,Control,19,-1
C02.090,02,Control,20,-1
C02.090,02,Control,21,-1
C02.090,02,Control,22,-1
C02.090,02,Control,23,-1
C02.090,02,Control,24,-1
C02.090,02,Control,25,-1
C02.092,02,Control,1,-1
C02.092,02,Control,2,-0.015447812
C02.092,02,Control,3,-1
C02.092,02,Control,4,-1
C02.092,02,Control,5,-0.09766629
C02.092,02,Control,6,1.315535868
C02.092,02,Control,7,-1
C02.092,02,Control,8,-1
C02.092,02,Control,9,-1
C02.092,02,Control,10,-1
C02.092,02,Control,11,-1
C02.092,02,Control,12,-1
C02.092,02,Control,13,-1
C02.092,02,Control,14,-1
C02.092,02,Control,15,-1
C02.092,02,Control,16,-1
C02.092,02,Control,17,-1
C02.092,02,Control,18,-1
C02.092,02,Control,19,-1
C02.092,02,Control,20,-1
C02.092,02,Control,21,-1
C02.092,02,Control,22,-1
C02.092,02,Control,23,-1
C02.092,02,Control,24,-1
C02.092,02,Control,25,-1
A02.093,02,ALAN,1,-0.837246931
A02.093,02,ALAN,2,-0.724174472
A02.093,02,ALAN,3,-0.907031944
A02.093,02,ALAN,4,-0.374927411
A02.093,02,ALAN,5,-0.804938033
A02.093,02,ALAN,6,-0.842211518
A02.093,02,ALAN,7,-1
A02.093,02,ALAN,8,-0.974729249
A02.093,02,ALAN,9,-0.948640664
A02.093,02,ALAN,10,-1
A02.093,02,ALAN,11,-1
A02.093,02,ALAN,12,-0.949557766
A02.093,02,ALAN,13,-1
A02.093,02,ALAN,14,-1
A02.093,02,ALAN,15,-1
A02.093,02,ALAN,16,-1
A02.093,02,ALAN,17,-1
A02.093,02,ALAN,18,-1
A02.093,02,ALAN,19,-1
A02.093,02,ALAN,20,-1
A02.093,02,ALAN,21,-1
A02.093,02,ALAN,22,-1
A02.093,02,ALAN,23,-0.9433413
A02.093,02,ALAN,24,-1
A02.093,02,ALAN,25,-0.974575014
A02.094,02,ALAN,1,-0.350434172
A02.094,02,ALAN,2,-0.458351048
A02.094,02,ALAN,3,-0.453839987
A02.094,02,ALAN,4,-0.230846905
A02.094,02,ALAN,5,-0.690082511
A02.094,02,ALAN,6,-0.634386034
A02.094,02,ALAN,7,-0.537769331
A02.094,02,ALAN,8,-0.97998793
A02.094,02,ALAN,9,-1
A02.094,02,ALAN,10,-0.926654266
A02.094,02,ALAN,11,-0.901580853
A02.094,02,ALAN,12,-0.960401113
A02.094,02,ALAN,13,-0.979339465
A02.094,02,ALAN,14,-0.981210726
A02.094,02,ALAN,15,-1
A02.094,02,ALAN,16,-0.957880576
A02.094,02,ALAN,17,-1
A02.094,02,ALAN,18,-1
A02.094,02,ALAN,19,-0.962261926
A02.094,02,ALAN,20,-1
A02.094,02,ALAN,21,-1
A02.094,02,ALAN,22,-1
A02.094,02,ALAN,23,-1
A02.094,02,ALAN,24,-1
A02.094,02,ALAN,25,-1
C06.097,06,Control,1,-1
C06.097,06,Control,2,-0.619916011
C06.097,06,Control,3,-1
C06.097,06,Control,4,-1
C06.097,06,Control,5,-1
C06.097,06,Control,6,-1
C06.097,06,Control,7,-1
C06.097,06,Control,8,-1
C06.097,06,Control,9,-1
C06.097,06,Control,10,-1
C06.097,06,Control,11,-1
C06.097,06,Control,12,-1
C06.097,06,Control,13,-1
C06.097,06,Control,14,-1
C06.097,06,Control,15,-1
C06.097,06,Control,16,-1
C06.097,06,Control,17,-1
C06.097,06,Control,18,-1
C06.097,06,Control,19,-1
C06.097,06,Control,20,-1
C06.097,06,Control,21,-1
C06.097,06,Control,22,-1
C06.097,06,Control,23,-1
C06.097,06,Control,24,-1
C06.097,06,Control,25,-1
C06.099,06,Control,1,-0.889843892
C06.099,06,Control,2,-1
C06.099,06,Control,3,-1
C06.099,06,Control,4,-1
C06.099,06,Control,5,-1
C06.099,06,Control,6,-1
C06.099,06,Control,7,-1
C06.099,06,Control,8,-1
C06.099,06,Control,9,-1
C06.099,06,Control,10,-1
C06.099,06,Control,11,-1
C06.099,06,Control,12,-1
C06.099,06,Control,13,-1
C06.099,06,Control,14,-1
C06.099,06,Control,15,-1
C06.099,06,Control,16,-1
C06.099,06,Control,17,-1
C06.099,06,Control,18,-1
C06.099,06,Control,19,-1
C06.099,06,Control,20,-1
C06.099,06,Control,21,-1
C06.099,06,Control,22,-1
C06.099,06,Control,23,-1
C06.099,06,Control,24,-1
C06.099,06,Control,25,-1
A06.101,06,ALAN,1,-0.25625284
A06.101,06,ALAN,2,-0.264417648
A06.101,06,ALAN,3,-0.761791573
A06.101,06,ALAN,4,-1
A06.101,06,ALAN,5,-1
A06.101,06,ALAN,6,-1
A06.101,06,ALAN,7,-1
A06.101,06,ALAN,8,-0.967657178
A06.101,06,ALAN,9,-0.776500096
A06.101,06,ALAN,10,-1
A06.101,06,ALAN,11,-1
A06.101,06,ALAN,12,-1
A06.101,06,ALAN,13,-0.927962437
A06.101,06,ALAN,14,-0.91415629
A06.101,06,ALAN,15,-1
A06.101,06,ALAN,16,-0.955083561
A06.101,06,ALAN,17,-1
A06.101,06,ALAN,18,-1
A06.101,06,ALAN,19,-1
A06.101,06,ALAN,20,-1
A06.101,06,ALAN,21,-1
A06.101,06,ALAN,22,-1
A06.101,06,ALAN,23,-1
A06.101,06,ALAN,24,-1
A06.101,06,ALAN,25,-1
A06.102,06,ALAN,1,-0.326949067
A06.102,06,ALAN,2,-1
A06.102,06,ALAN,3,-0.934861422
A06.102,06,ALAN,4,-1
A06.102,06,ALAN,5,-1
A06.102,06,ALAN,6,-1
A06.102,06,ALAN,7,-1
A06.102,06,ALAN,8,-1
A06.102,06,ALAN,9,-1
A06.102,06,ALAN,10,-1
A06.102,06,ALAN,11,-1
A06.102,06,ALAN,12,-1
A06.102,06,ALAN,13,-1
A06.102,06,ALAN,14,-1
A06.102,06,ALAN,15,-1
A06.102,06,ALAN,16,-0.526217553
A06.102,06,ALAN,17,-0.663820943
A06.102,06,ALAN,18,-0.811633088
A06.102,06,ALAN,19,-1
A06.102,06,ALAN,20,-1
A06.102,06,ALAN,21,-1
A06.102,06,ALAN,22,-1
A06.102,06,ALAN,23,-1
A06.102,06,ALAN,24,-1
A06.102,06,ALAN,25,-1
A06.103,06,ALAN,1,-0.96521533
A06.103,06,ALAN,2,-1
A06.103,06,ALAN,3,-1
A06.103,06,ALAN,4,-1
A06.103,06,ALAN,5,-0.861273753
A06.103,06,ALAN,6,-1
A06.103,06,ALAN,7,-1
A06.103,06,ALAN,8,-0.967021407
A06.103,06,ALAN,9,-0.924921541
A06.103,06,ALAN,10,-1
A06.103,06,ALAN,11,-1
A06.103,06,ALAN,12,-1
A06.103,06,ALAN,13,-1
A06.103,06,ALAN,14,-1
A06.103,06,ALAN,15,-1
A06.103,06,ALAN,16,-1
A06.103,06,ALAN,17,-1
A06.103,06,ALAN,18,-1
A06.103,06,ALAN,19,-0.96467395
A06.103,06,ALAN,20,-1
A06.103,06,ALAN,21,-1
A06.103,06,ALAN,22,-1
A06.103,06,ALAN,23,-1
A06.103,06,ALAN,24,-0.96504258
A06.103,06,ALAN,25,-1
A06.104,06,ALAN,1,-1
A06.104,06,ALAN,2,0.165720481
A06.104,06,ALAN,3,-0.956156712
A06.104,06,ALAN,4,-0.701596688
A06.104,06,ALAN,5,-1
A06.104,06,ALAN,6,-1
A06.104,06,ALAN,7,-0.847892766
A06.104,06,ALAN,8,-0.916797556
A06.104,06,ALAN,9,-0.959664893
A06.104,06,ALAN,10,-1
A06.104,06,ALAN,11,-1
A06.104,06,ALAN,12,-1
A06.104,06,ALAN,13,-1
A06.104,06,ALAN,14,-0.957751429
A06.104,06,ALAN,15,-0.959088311
A06.104,06,ALAN,16,-1
A06.104,06,ALAN,17,-1
A06.104,06,ALAN,18,-0.956246205
A06.104,06,ALAN,19,-0.957535186
A06.104,06,ALAN,20,-1
A06.104,06,ALAN,21,-1
A06.104,06,ALAN,22,-1
A06.104,06,ALAN,23,-1
A06.104,06,ALAN,24,-1
A06.104,06,ALAN,25,-0.959657008
A01.105,01,ALAN,1,-0.237272011
A01.105,01,ALAN,2,-0.763555328
A01.105,01,ALAN,3,-1
A01.105,01,ALAN,4,-1
A01.105,01,ALAN,5,-1
A01.105,01,ALAN,6,-1
A01.105,01,ALAN,7,-1
A01.105,01,ALAN,8,-1
A01.105,01,ALAN,9,-1
A01.105,01,ALAN,10,-1
A01.105,01,ALAN,11,-1
A01.105,01,ALAN,12,-1
A01.105,01,ALAN,13,-1
A01.105,01,ALAN,14,-1
A01.105,01,ALAN,15,-1
A01.105,01,ALAN,16,-1
A01.105,01,ALAN,17,-1
A01.105,01,ALAN,18,-1
A01.105,01,ALAN,19,-1
A01.105,01,ALAN,20,-1
A01.105,01,ALAN,21,-1
A01.105,01,ALAN,22,-1
A01.105,01,ALAN,23,-1
A01.105,01,ALAN,24,-1
A01.105,01,ALAN,25,-1
A01.106,01,ALAN,1,-0.942504553
A01.106,01,ALAN,2,-0.941268273
A01.106,01,ALAN,3,-0.927195109
A01.106,01,ALAN,4,-1
A01.106,01,ALAN,5,-1
A01.106,01,ALAN,6,-1
A01.106,01,ALAN,7,-1
A01.106,01,ALAN,8,-1
A01.106,01,ALAN,9,-1
A01.106,01,ALAN,10,-1
A01.106,01,ALAN,11,-1
A01.106,01,ALAN,12,-1
A01.106,01,ALAN,13,-1
A01.106,01,ALAN,14,-1
A01.106,01,ALAN,15,-1
A01.106,01,ALAN,16,-1
A01.106,01,ALAN,17,-1
A01.106,01,ALAN,18,-1
A01.106,01,ALAN,19,-1
A01.106,01,ALAN,20,-1
A01.106,01,ALAN,21,-1
A01.106,01,ALAN,22,-1
A01.106,01,ALAN,23,-1
A01.106,01,ALAN,24,-1
A01.106,01,ALAN,25,-1
A01.108,01,ALAN,1,0.173908806
A01.108,01,ALAN,2,-0.199609622
A01.108,01,ALAN,3,-0.800504779
A01.108,01,ALAN,4,-0.918916094
A01.108,01,ALAN,5,-0.831312709
A01.108,01,ALAN,6,-0.934170066
A01.108,01,ALAN,7,-0.954228199
A01.108,01,ALAN,8,-1
A01.108,01,ALAN,9,-0.806640095
A01.108,01,ALAN,10,-1
A01.108,01,ALAN,11,-1
A01.108,01,ALAN,12,-1
A01.108,01,ALAN,13,-1
A01.108,01,ALAN,14,-1
A01.108,01,ALAN,15,-1
A01.108,01,ALAN,16,-1
A01.108,01,ALAN,17,-1
A01.108,01,ALAN,18,-1
A01.108,01,ALAN,19,-1
A01.108,01,ALAN,20,-1
A01.108,01,ALAN,21,-1
A01.108,01,ALAN,22,-1
A01.108,01,ALAN,23,-1
A01.108,01,ALAN,24,-1
A01.108,01,ALAN,25,-1
C01.109,01,Control,1,-1
C01.109,01,Control,2,-1
C01.109,01,Control,3,-1
C01.109,01,Control,4,-1
C01.109,01,Control,5,-1
C01.109,01,Control,6,-1
C01.109,01,Control,7,-1
C01.109,01,Control,8,-1
C01.109,01,Control,9,-1
C01.109,01,Control,10,-1
C01.109,01,Control,11,-1
C01.109,01,Control,12,-1
C01.109,01,Control,13,-1
C01.109,01,Control,14,-1
C01.109,01,Control,15,-1
C01.109,01,Control,16,-1
C01.109,01,Control,17,-1
C01.109,01,Control,18,-1
C01.109,01,Control,19,-1
C01.109,01,Control,20,-1
C01.109,01,Control,21,-1
C01.109,01,Control,22,-1
C01.109,01,Control,23,-1
C01.109,01,Control,24,-1
C01.109,01,Control,25,-1
C01.110,01,Control,1,-0.487317467
C01.110,01,Control,2,-0.97540299
C01.110,01,Control,3,-0.81467636
C01.110,01,Control,4,-1
C01.110,01,Control,5,-0.932445948
C01.110,01,Control,6,-0.972787277
C01.110,01,Control,7,-1
C01.110,01,Control,8,-1
C01.110,01,Control,9,-1
C01.110,01,Control,10,-1
C01.110,01,Control,11,-1
C01.110,01,Control,12,-1
C01.110,01,Control,13,-1
C01.110,01,Control,14,-1
C01.110,01,Control,15,-1
C01.110,01,Control,16,-1
C01.110,01,Control,17,-1
C01.110,01,Control,18,-1
C01.110,01,Control,19,-1
C01.110,01,Control,20,-1
C01.110,01,Control,21,-1
C01.110,01,Control,22,-1
C01.110,01,Control,23,-1
C01.110,01,Control,24,-1
C01.110,01,Control,25,-1
C01.111,01,Control,1,-0.947020281
C01.111,01,Control,2,-1
C01.111,01,Control,3,-1
C01.111,01,Control,4,-1
C01.111,01,Control,5,-1
C01.111,01,Control,6,-1
C01.111,01,Control,7,-1
C01.111,01,Control,8,-1
C01.111,01,Control,9,-1
C01.111,01,Control,10,-1
C01.111,01,Control,11,-1
C01.111,01,Control,12,-1
C01.111,01,Control,13,-1
C01.111,01,Control,14,-1
C01.111,01,Control,15,-1
C01.111,01,Control,16,-1
C01.111,01,Control,17,-1
C01.111,01,Control,18,-1
C01.111,01,Control,19,-1
C01.111,01,Control,20,-1
C01.111,01,Control,21,-1
C01.111,01,Control,22,-1
C01.111,01,Control,23,-1
C01.111,01,Control,24,-1
C01.111,01,Control,25,-1
C01.112,01,Control,1,-1
C01.112,01,Control,2,-1
C01.112,01,Control,3,-1
C01.112,01,Control,4,-1
C01.112,01,Control,5,-1
C01.112,01,Control,6,-1
C01.112,01,Control,7,-1
C01.112,01,Control,8,-1
C01.112,01,Control,9,-1
C01.112,01,Control,10,-1
C01.112,01,Control,11,-1
C01.112,01,Control,12,-1
C01.112,01,Control,13,-1
C01.112,01,Control,14,-1
C01.112,01,Control,15,-1
C01.112,01,Control,16,-1
C01.112,01,Control,17,-1
C01.112,01,Control,18,-1
C01.112,01,Control,19,-1
C01.112,01,Control,20,-1
C01.112,01,Control,21,-1
C01.112,01,Control,22,-1
C01.112,01,Control,23,-1
C01.112,01,Control,24,-1
C01.112,01,Control,25,-1
C02.113,02,Control,1,-1
C02.113,02,Control,2,-1
C02.113,02,Control,3,-1
C02.113,02,Control,4,-1
C02.113,02,Control,5,-1
C02.113,02,Control,6,-0.888086623
C02.113,02,Control,7,-1
C02.113,02,Control,8,-1
C02.113,02,Control,9,-1
C02.113,02,Control,10,-1
C02.113,02,Control,11,-1
C02.113,02,Control,12,-1
C02.113,02,Control,13,-1
C02.113,02,Control,14,-1
C02.113,02,Control,15,-1
C02.113,02,Control,16,-1
C02.113,02,Control,17,-1
C02.113,02,Control,18,-1
C02.113,02,Control,19,-1
C02.113,02,Control,20,-1
C02.113,02,Control,21,-1
C02.113,02,Control,22,-1
C02.113,02,Control,23,-1
C02.113,02,Control,24,-1
C02.113,02,Control,25,-1
C02.114,02,Control,1,-0.771893626
C02.114,02,Control,2,-1
C02.114,02,Control,3,-0.911327971
C02.114,02,Control,4,-1
C02.114,02,Control,5,-1
C02.114,02,Control,6,-1
C02.114,02,Control,7,-1
C02.114,02,Control,8,-1
C02.114,02,Control,9,-1
C02.114,02,Control,10,-1
C02.114,02,Control,11,-1
C02.114,02,Control,12,-1
C02.114,02,Control,13,-1
C02.114,02,Control,14,-1
C02.114,02,Control,15,-1
C02.114,02,Control,16,-0.953528668
C02.114,02,Control,17,-0.956197432
C02.114,02,Control,18,-1
C02.114,02,Control,19,-1
C02.114,02,Control,20,-1
C02.114,02,Control,21,-1
C02.114,02,Control,22,-0.946050133
C02.114,02,Control,23,-1
C02.114,02,Control,24,-1
C02.114,02,Control,25,-1
C02.115,02,Control,1,-0.638427637
C02.115,02,Control,2,-0.514372097
C02.115,02,Control,3,-0.471294664
C02.115,02,Control,4,-0.667700692
C02.115,02,Control,5,-0.793728557
C02.115,02,Control,6,-0.456781348
C02.115,02,Control,7,-0.8526225
C02.115,02,Control,8,-0.933727419
C02.115,02,Control,9,-0.979770164
C02.115,02,Control,10,-0.846607904
C02.115,02,Control,11,-0.711583736
C02.115,02,Control,12,-0.951185764
C02.115,02,Control,13,-0.901816889
C02.115,02,Control,14,-0.723804379
C02.115,02,Control,15,-0.789279689
C02.115,02,Control,16,-0.839364041
C02.115,02,Control,17,-0.882714435
C02.115,02,Control,18,-0.847408776
C02.115,02,Control,19,-0.861544877
C02.115,02,Control,20,-0.893591129
C02.115,02,Control,21,-0.96435172
C02.115,02,Control,22,-0.970810065
C02.115,02,Control,23,-1
C02.115,02,Control,24,-1
C02.115,02,Control,25,-1
A02.117,02,ALAN,1,-0.850163537
A02.117,02,ALAN,2,-0.500413318
A02.117,02,ALAN,3,-0.685856751
A02.117,02,ALAN,4,-1
A02.117,02,ALAN,5,-0.88798125
A02.117,02,ALAN,6,-0.774510674
A02.117,02,ALAN,7,-0.88706479
A02.117,02,ALAN,8,-0.756648499
A02.117,02,ALAN,9,-0.656289357
A02.117,02,ALAN,10,-0.96759994
A02.117,02,ALAN,11,-0.926787969
A02.117,02,ALAN,12,-0.685311888
A02.117,02,ALAN,13,-1
A02.117,02,ALAN,14,-1
A02.117,02,ALAN,15,-0.754115664
A02.117,02,ALAN,16,-0.836039747
A02.117,02,ALAN,17,-0.809554722
A02.117,02,ALAN,18,-0.807817387
A02.117,02,ALAN,19,-0.886229593
A02.117,02,ALAN,20,-0.935742719
A02.117,02,ALAN,21,-0.735909447
A02.117,02,ALAN,22,-1
A02.117,02,ALAN,23,-1
A02.117,02,ALAN,24,-0.698604994
A02.117,02,ALAN,25,-0.781285659
A02.118,02,ALAN,1,-1
A02.118,02,ALAN,2,-0.538324298
A02.118,02,ALAN,3,0.441650509
A02.118,02,ALAN,4,0.276608185
A02.118,02,ALAN,5,-1
A02.118,02,ALAN,6,0.049491202
A02.118,02,ALAN,7,-0.070023688
A02.118,02,ALAN,8,0.02146539
A02.118,02,ALAN,9,0.62508437
A02.118,02,ALAN,10,0.274798265
A02.118,02,ALAN,11,-1
A02.118,02,ALAN,12,-0.182599836
A02.118,02,ALAN,13,0.001397206
A02.118,02,ALAN,14,-0.910384038
A02.118,02,ALAN,15,-0.408882794
A02.118,02,ALAN,16,-0.423022523
A02.118,02,ALAN,17,-0.908666549
A02.118,02,ALAN,18,-0.791075505
A02.118,02,ALAN,19,-0.816831394
A02.118,02,ALAN,20,-0.817068704
A02.118,02,ALAN,21,-1
A02.118,02,ALAN,22,-0.561277176
A02.118,02,ALAN,23,-0.912646223
A02.118,02,ALAN,24,-1
A02.118,02,ALAN,25,-1
A02.119,02,ALAN,1,-0.016960873
A02.119,02,ALAN,2,-0.850931981
A02.119,02,ALAN,3,-1
A02.119,02,ALAN,4,-0.945915983
A02.119,02,ALAN,5,-1
A02.119,02,ALAN,6,-0.954207422
A02.119,02,ALAN,7,-0.678183666
A02.119,02,ALAN,8,-0.856666615
A02.119,02,ALAN,9,-0.95020534
A02.119,02,ALAN,10,-0.873820265
A02.119,02,ALAN,11,-0.953813195
A02.119,02,ALAN,12,-0.781275223
A02.119,02,ALAN,13,-0.900346199
A02.119,02,ALAN,14,-1
A02.119,02,ALAN,15,-1
A02.119,02,ALAN,16,-1
A02.119,02,ALAN,17,-1
A02.119,02,ALAN,18,-0.89760262
A02.119,02,ALAN,19,-0.954593866
A02.119,02,ALAN,20,-1
A02.119,02,ALAN,21,-0.904085018
A02.119,02,ALAN,22,-0.948000071
A02.119,02,ALAN,23,-1
A02.119,02,ALAN,24,-1
A02.119,02,ALAN,25,-1
A02.120,02,ALAN,1,-0.510843768
A02.120,02,ALAN,2,2.025663785
A02.120,02,ALAN,3,-0.798123045
A02.120,02,ALAN,4,-1
A02.120,02,ALAN,5,-0.820634442
A02.120,02,ALAN,6,-1
A02.120,02,ALAN,7,-0.809658822
A02.120,02,ALAN,8,-0.823746327
A02.120,02,ALAN,9,-1
A02.120,02,ALAN,10,-1
A02.120,02,ALAN,11,-0.342743388
A02.120,02,ALAN,12,-0.805810977
A02.120,02,ALAN,13,-1
A02.120,02,ALAN,14,-1
A02.120,02,ALAN,15,-1
A02.120,02,ALAN,16,-1
A02.120,02,ALAN,17,-1
A02.120,02,ALAN,18,-1
A02.120,02,ALAN,19,-1
A02.120,02,ALAN,20,-1
A02.120,02,ALAN,21,-1
A02.120,02,ALAN,22,-1
A02.120,02,ALAN,23,-1
A02.120,02,ALAN,24,-1
A02.120,02,ALAN,25,-1
A02.121,02,ALAN,1,0.196041975
A02.121,02,ALAN,2,-0.723641247
A02.121,02,ALAN,3,-0.780862921
A02.121,02,ALAN,4,-0.719694858
A02.121,02,ALAN,5,-0.735713126
A02.121,02,ALAN,6,-0.241207285
A02.121,02,ALAN,7,-0.721963789
A02.121,02,ALAN,8,-0.740915184
A02.121,02,ALAN,9,-0.750509661
A02.121,02,ALAN,10,-0.824742261
A02.121,02,ALAN,11,-0.709382856
A02.121,02,ALAN,12,-0.882876355
A02.121,02,ALAN,13,-1
A02.121,02,ALAN,14,-1
A02.121,02,ALAN,15,-0.865132148
A02.121,02,ALAN,16,-1
A02.121,02,ALAN,17,-1
A02.121,02,ALAN,18,-1
A02.121,02,ALAN,19,-1
A02.121,02,ALAN,20,-0.951169494
A02.121,02,ALAN,21,-0.944409484
A02.121,02,ALAN,22,-1
A02.121,02,ALAN,23,-0.94688228
A02.121,02,ALAN,24,-1
A02.121,02,ALAN,25,-1
A02.122,02,ALAN,1,-0.21114184
A02.122,02,ALAN,2,-0.672303234
A02.122,02,ALAN,3,-0.795553902
A02.122,02,ALAN,4,-0.632883184
A02.122,02,ALAN,5,-1
A02.122,02,ALAN,6,-0.96288939
A02.122,02,ALAN,7,-0.789468286
A02.122,02,ALAN,8,-1
A02.122,02,ALAN,9,-1
A02.122,02,ALAN,10,-0.96472759
A02.122,02,ALAN,11,-1
A02.122,02,ALAN,12,-0.473822813
A02.122,02,ALAN,13,-0.651810997
A02.122,02,ALAN,14,-0.643018924
A02.122,02,ALAN,15,-0.94923995
A02.122,02,ALAN,16,-1
A02.122,02,ALAN,17,-1
A02.122,02,ALAN,18,-1
A02.122,02,ALAN,19,-0.964406014
A02.122,02,ALAN,20,-1
A02.122,02,ALAN,21,-1
A02.122,02,ALAN,22,-1
A02.122,02,ALAN,23,-1
A02.122,02,ALAN,24,-1
A02.122,02,ALAN,25,-1
A02.123,02,ALAN,1,-0.710465042
A02.123,02,ALAN,2,-1
A02.123,02,ALAN,3,-1
A02.123,02,ALAN,4,-0.777675844
A02.123,02,ALAN,5,-1
A02.123,02,ALAN,6,-1
A02.123,02,ALAN,7,-1
A02.123,02,ALAN,8,-1
A02.123,02,ALAN,9,-0.735331417
A02.123,02,ALAN,10,-0.869608152
A02.123,02,ALAN,11,-0.8459571
A02.123,02,ALAN,12,-1
A02.123,02,ALAN,13,-1
A02.123,02,ALAN,14,-1
A02.123,02,ALAN,15,-1
A02.123,02,ALAN,16,-1
A02.123,02,ALAN,17,-1
A02.123,02,ALAN,18,-0.874153713
A02.123,02,ALAN,19,-1
A02.123,02,ALAN,20,-1
A02.123,02,ALAN,21,-1
A02.123,02,ALAN,22,-1
A02.123,02,ALAN,23,-1
A02.123,02,ALAN,24,-1
A02.123,02,ALAN,25,-1
A02.124,02,ALAN,1,1.569356017
A02.124,02,ALAN,2,0.137880262
A02.124,02,ALAN,3,-0.911215994
A02.124,02,ALAN,4,-0.971768417
A02.124,02,ALAN,5,-1
A02.124,02,ALAN,6,-1
A02.124,02,ALAN,7,-1
A02.124,02,ALAN,8,-1
A02.124,02,ALAN,9,-1
A02.124,02,ALAN,10,-1
A02.124,02,ALAN,11,-1
A02.124,02,ALAN,12,-1
A02.124,02,ALAN,13,-1
A02.124,02,ALAN,14,-1
A02.124,02,ALAN,15,-1
A02.124,02,ALAN,16,-1
A02.124,02,ALAN,17,-1
A02.124,02,ALAN,18,-1
A02.124,02,ALAN,19,-1
A02.124,02,ALAN,20,-1
A02.124,02,ALAN,21,-1
A02.124,02,ALAN,22,-1
A02.124,02,ALAN,23,-1
A02.124,02,ALAN,24,-1
A02.124,02,ALAN,25,-1
C02.125,02,Control,1,-0.337811332
C02.125,02,Control,2,-0.838396437
C02.125,02,Control,3,-0.982860594
C02.125,02,Control,4,-1
C02.125,02,Control,5,-1
C02.125,02,Control,6,-1
C02.125,02,Control,7,-1
C02.125,02,Control,8,-1
C02.125,02,Control,9,-1
C02.125,02,Control,10,-0.983257484
C02.125,02,Control,11,-1
C02.125,02,Control,12,-0.967360009
C02.125,02,Control,13,-1
C02.125,02,Control,14,-0.965842211
C02.125,02,Control,15,-1
C02.125,02,Control,16,-0.963677702
C02.125,02,Control,17,-1
C02.125,02,Control,18,-1
C02.125,02,Control,19,-1
C02.125,02,Control,20,-1
C02.125,02,Control,21,-1
C02.125,02,Control,22,-1
C02.125,02,Control,23,-1
C02.125,02,Control,24,-1
C02.125,02,Control,25,-1
C02.126,02,Control,1,0.035257064
C02.126,02,Control,2,-0.82304096
C02.126,02,Control,3,-0.847120447
C02.126,02,Control,4,-1
C02.126,02,Control,5,-1
C02.126,02,Control,6,-1
C02.126,02,Control,7,-1
C02.126,02,Control,8,-1
C02.126,02,Control,9,-1
C02.126,02,Control,10,-1
C02.126,02,Control,11,-1
C02.126,02,Control,12,-1
C02.126,02,Control,13,-1
C02.126,02,Control,14,-1
C02.126,02,Control,15,-1
C02.126,02,Control,16,-1
C02.126,02,Control,17,-1
C02.126,02,Control,18,-1
C02.126,02,Control,19,-1
C02.126,02,Control,20,-1
C02.126,02,Control,21,-1
C02.126,02,Control,22,-1
C02.126,02,Control,23,-1
C02.126,02,Control,24,-1
C02.126,02,Control,25,-1
C02.127,02,Control,1,-0.91314329
C02.127,02,Control,2,-0.895587008
C02.127,02,Control,3,-0.525872073
C02.127,02,Control,4,-1
C02.127,02,Control,5,-1
C02.127,02,Control,6,-1
C02.127,02,Control,7,-1
C02.127,02,Control,8,-1
C02.127,02,Control,9,-1
C02.127,02,Control,10,-1
C02.127,02,Control,11,-1
C02.127,02,Control,12,-1
C02.127,02,Control,13,-1
C02.127,02,Control,14,-1
C02.127,02,Control,15,-1
C02.127,02,Control,16,-1
C02.127,02,Control,17,-1
C02.127,02,Control,18,-1
C02.127,02,Control,19,-1
C02.127,02,Control,20,-1
C02.127,02,Control,21,-1
C02.127,02,Control,22,-1
C02.127,02,Control,23,-1
C02.127,02,Control,24,-1
C02.127,02,Control,25,-1
C02.128,02,Control,1,-0.945127474
C02.128,02,Control,2,-1
C02.128,02,Control,3,-0.94120826
C02.128,02,Control,4,-1
C02.128,02,Control,5,-1
C02.128,02,Control,6,-0.943468563
C02.128,02,Control,7,-0.942060887
C02.128,02,Control,8,-1
C02.128,02,Control,9,-1
C02.128,02,Control,10,-1
C02.128,02,Control,11,-1
C02.128,02,Control,12,-1
C02.128,02,Control,13,-1
C02.128,02,Control,14,-1
C02.128,02,Control,15,-1
C02.128,02,Control,16,-1
C02.128,02,Control,17,-1
C02.128,02,Control,18,-0.942485304
C02.128,02,Control,19,-0.884518547
C02.128,02,Control,20,-0.944606032
C02.128,02,Control,21,-1
C02.128,02,Control,22,-1
C02.128,02,Control,23,-1
C02.128,02,Control,24,-1
C02.128,02,Control,25,-1
C04.129,04,Control,1,0.393042234
C04.129,04,Control,2,-0.269343199
C04.129,04,Control,3,-1
C04.129,04,Control,4,-1
C04.129,04,Control,5,-1
C04.129,04,Control,6,-0.748090192
C04.129,04,Control,7,-1
C04.129,04,Control,8,-1
C04.129,04,Control,9,-1
C04.129,04,Control,10,-1
C04.129,04,Control,11,-0.751501172
C04.129,04,Control,12,-1
C04.129,04,Control,13,-0.805745562
C04.129,04,Control,14,-1
C04.129,04,Control,15,-1
C04.129,04,Control,16,-1
C04.129,04,Control,17,-1
C04.129,04,Control,18,-1
C04.129,04,Control,19,-1
C04.129,04,Control,20,-1
C04.129,04,Control,21,-1
C04.129,04,Control,22,-1
C04.129,04,Control,23,-1
C04.129,04,Control,24,-1
C04.129,04,Control,25,-1
C04.130,04,Control,1,-0.798055101
C04.130,04,Control,2,-1
C04.130,04,Control,3,-1
C04.130,04,Control,4,-0.931947329
C04.130,04,Control,5,-1
C04.130,04,Control,6,-0.968059395
C04.130,04,Control,7,-1
C04.130,04,Control,8,-0.969097867
C04.130,04,Control,9,-1
C04.130,04,Control,10,-1
C04.130,04,Control,11,-1
C04.130,04,Control,12,-1
C04.130,04,Control,13,-1
C04.130,04,Control,14,-1
C04.130,04,Control,15,-1
C04.130,04,Control,16,-1
C04.130,04,Control,17,-1
C04.130,04,Control,18,-1
C04.130,04,Control,19,-1
C04.130,04,Control,20,-1
C04.130,04,Control,21,-1
C04.130,04,Control,22,-1
C04.130,04,Control,23,-1
C04.130,04,Control,24,-0.966915319
C04.130,04,Control,25,-0.967350423
C04.132,04,Control,1,-0.578689995
C04.132,04,Control,2,-0.930050548
C04.132,04,Control,3,-0.959988667
C04.132,04,Control,4,-0.779069104
C04.132,04,Control,5,-0.680314049
C04.132,04,Control,6,-0.86057592
C04.132,04,Control,7,-0.876260436
C04.132,04,Control,8,-0.820957801
C04.132,04,Control,9,-0.788226422
C04.132,04,Control,10,-0.978710948
C04.132,04,Control,11,-0.866033459
C04.132,04,Control,12,-0.951428793
C04.132,04,Control,13,-0.980631522
C04.132,04,Control,14,-0.980984379
C04.132,04,Control,15,-0.958999397
C04.132,04,Control,16,-0.957471057
C04.132,04,Control,17,-1
C04.132,04,Control,18,-0.966395529
C04.132,04,Control,19,-1
C04.132,04,Control,20,-1
C04.132,04,Control,21,-0.963569984
C04.132,04,Control,22,-0.96629052
C04.132,04,Control,23,-0.983680211
C04.132,04,Control,24,-1
C04.132,04,Control,25,-1
A04.133,04,ALAN,1,-0.729949228
A04.133,04,ALAN,2,-1
A04.133,04,ALAN,3,-0.740192035
A04.133,04,ALAN,4,-0.457392668
A04.133,04,ALAN,5,-1
A04.133,04,ALAN,6,-1
A04.133,04,ALAN,7,-0.686873329
A04.133,04,ALAN,8,0.346356103
A04.133,04,ALAN,9,-1
A04.133,04,ALAN,10,-1
A04.133,04,ALAN,11,-1
A04.133,04,ALAN,12,-1
A04.133,04,ALAN,13,-1
A04.133,04,ALAN,14,-1
A04.133,04,ALAN,15,-1
A04.133,04,ALAN,16,-1
A04.133,04,ALAN,17,-1
A04.133,04,ALAN,18,-1
A04.133,04,ALAN,19,-1
A04.133,04,ALAN,20,-1
A04.133,04,ALAN,21,-1
A04.133,04,ALAN,22,-1
A04.133,04,ALAN,23,-1
A04.133,04,ALAN,24,-1
A04.133,04,ALAN,25,-1
A04.134,04,ALAN,1,-0.8990934
A04.134,04,ALAN,2,-0.954683688
A04.134,04,ALAN,3,-1
A04.134,04,ALAN,4,-1
A04.134,04,ALAN,5,-0.951211117
A04.134,04,ALAN,6,-1
A04.134,04,ALAN,7,-1
A04.134,04,ALAN,8,-1
A04.134,04,ALAN,9,-1
A04.134,04,ALAN,10,-1
A04.134,04,ALAN,11,-1
A04.134,04,ALAN,12,-1
A04.134,04,ALAN,13,-1
A04.134,04,ALAN,14,-1
A04.134,04,ALAN,15,-1
A04.134,04,ALAN,16,-1
A04.134,04,ALAN,17,-1
A04.134,04,ALAN,18,-1
A04.134,04,ALAN,19,-1
A04.134,04,ALAN,20,-1
A04.134,04,ALAN,21,-1
A04.134,04,ALAN,22,-1
A04.134,04,ALAN,23,-1
A04.134,04,ALAN,24,-1
A04.134,04,ALAN,25,-1
A04.135,04,ALAN,1,-0.234459268
A04.135,04,ALAN,2,-0.544554102
A04.135,04,ALAN,3,-0.510436909
A04.135,04,ALAN,4,-0.337900391
A04.135,04,ALAN,5,-0.984522806
A04.135,04,ALAN,6,-1
A04.135,04,ALAN,7,-0.964346165
A04.135,04,ALAN,8,-1
A04.135,04,ALAN,9,-1
A04.135,04,ALAN,10,-1
A04.135,04,ALAN,11,-1
A04.135,04,ALAN,12,-1
A04.135,04,ALAN,13,-1
A04.135,04,ALAN,14,-1
A04.135,04,ALAN,15,-1
A04.135,04,ALAN,16,-1
A04.135,04,ALAN,17,-1
A04.135,04,ALAN,18,-1
A04.135,04,ALAN,19,-1
A04.135,04,ALAN,20,-1
A04.135,04,ALAN,21,-0.970057061
A04.135,04,ALAN,22,-1
A04.135,04,ALAN,23,-1
A04.135,04,ALAN,24,-1
A04.135,04,ALAN,25,-1
A04.136,04,ALAN,1,-0.165022235
A04.136,04,ALAN,2,0.293407796
A04.136,04,ALAN,3,1.096815638
A04.136,04,ALAN,4,-0.952177119
A04.136,04,ALAN,5,-1
A04.136,04,ALAN,6,-1
A04.136,04,ALAN,7,-1
A04.136,04,ALAN,8,-1
A04.136,04,ALAN,9,-1
A04.136,04,ALAN,10,-1
A04.136,04,ALAN,11,-1
A04.136,04,ALAN,12,-1
A04.136,04,ALAN,13,-1
A04.136,04,ALAN,14,-1
A04.136,04,ALAN,15,-1
A04.136,04,ALAN,16,-1
A04.136,04,ALAN,17,-1
A04.136,04,ALAN,18,-1
A04.136,04,ALAN,19,-1
A04.136,04,ALAN,20,-1
A04.136,04,ALAN,21,-1
A04.136,04,ALAN,22,-1
A04.136,04,ALAN,23,-1
A04.136,04,ALAN,24,-1
A04.136,04,ALAN,25,-1
A05.137,05,ALAN,1,-0.337921039
A05.137,05,ALAN,2,-1
A05.137,05,ALAN,3,-1
A05.137,05,ALAN,4,-1
A05.137,05,ALAN,5,-1
A05.137,05,ALAN,6,-1
A05.137,05,ALAN,7,-1
A05.137,05,ALAN,8,-1
A05.137,05,ALAN,9,-1
A05.137,05,ALAN,10,-1
A05.137,05,ALAN,11,-0.961270707
A05.137,05,ALAN,12,-1
A05.137,05,ALAN,13,-1
A05.137,05,ALAN,14,-1
A05.137,05,ALAN,15,-1
A05.137,05,ALAN,16,-1
A05.137,05,ALAN,17,-1
A05.137,05,ALAN,18,-1
A05.137,05,ALAN,19,-1
A05.137,05,ALAN,20,-1
A05.137,05,ALAN,21,-1
A05.137,05,ALAN,22,-1
A05.137,05,ALAN,23,-1
A05.137,05,ALAN,24,-1
A05.137,05,ALAN,25,-1
A05.140,05,ALAN,1,-1
A05.140,05,ALAN,2,-1
A05.140,05,ALAN,3,-1
A05.140,05,ALAN,4,-1
A05.140,05,ALAN,5,-1
A05.140,05,ALAN,6,-1
A05.140,05,ALAN,7,-1
A05.140,05,ALAN,8,-1
A05.140,05,ALAN,9,-1
A05.140,05,ALAN,10,-1
A05.140,05,ALAN,11,-1
A05.140,05,ALAN,12,-1
A05.140,05,ALAN,13,-1
A05.140,05,ALAN,14,-1
A05.140,05,ALAN,15,-1
A05.140,05,ALAN,16,-1
A05.140,05,ALAN,17,-1
A05.140,05,ALAN,18,-1
A05.140,05,ALAN,19,-1
A05.140,05,ALAN,20,-1
A05.140,05,ALAN,21,-1
A05.140,05,ALAN,22,-1
A05.140,05,ALAN,23,-1
A05.140,05,ALAN,24,-1
A05.140,05,ALAN,25,-1
C05.141,05,Control,1,-0.657389427
C05.141,05,Control,2,-0.506667752
C05.141,05,Control,3,-0.818873243
C05.141,05,Control,4,-0.562033035
C05.141,05,Control,5,-0.816396696
C05.141,05,Control,6,-0.615909749
C05.141,05,Control,7,-0.843348256
C05.141,05,Control,8,-0.733201896
C05.141,05,Control,9,-0.604731733
C05.141,05,Control,10,-0.857221757
C05.141,05,Control,11,-0.890949108
C05.141,05,Control,12,-0.761874166
C05.141,05,Control,13,-0.976843795
C05.141,05,Control,14,-0.951687759
C05.141,05,Control,15,-1
C05.141,05,Control,16,-0.974192097
C05.141,05,Control,17,-1
C05.141,05,Control,18,-1
C05.141,05,Control,19,-1
C05.141,05,Control,20,-1
C05.141,05,Control,21,-0.976583928
C05.141,05,Control,22,-0.947757521
C05.141,05,Control,23,-0.949659324
C05.141,05,Control,24,-1
C05.141,05,Control,25,-1
C05.142,05,Control,1,-1
C05.142,05,Control,2,-1
C05.142,05,Control,3,-1
C05.142,05,Control,4,-1
C05.142,05,Control,5,-1
C05.142,05,Control,6,-1
C05.142,05,Control,7,-1
C05.142,05,Control,8,-1
C05.142,05,Control,9,-1
C05.142,05,Control,10,-1
C05.142,05,Control,11,-1
C05.142,05,Control,12,-1
C05.142,05,Control,13,-1
C05.142,05,Control,14,-1
C05.142,05,Control,15,-1
C05.142,05,Control,16,-1
C05.142,05,Control,17,-1
C05.142,05,Control,18,-1
C05.142,05,Control,19,-1
C05.142,05,Control,20,-1
C05.142,05,Control,21,-1
C05.142,05,Control,22,-1
C05.142,05,Control,23,-1
C05.142,05,Control,24,-1
C05.142,05,Control,25,-1
C05.143,05,Control,1,-1
C05.143,05,Control,2,-1
C05.143,05,Control,3,-1
C05.143,05,Control,4,-1
C05.143,05,Control,5,-1
C05.143,05,Control,6,-1
C05.143,05,Control,7,-1
C05.143,05,Control,8,-1
C05.143,05,Control,9,-1
C05.143,05,Control,10,-1
C05.143,05,Control,11,-1
C05.143,05,Control,12,-1
C05.143,05,Control,13,-1
C05.143,05,Control,14,-1
C05.143,05,Control,15,-1
C05.143,05,Control,16,-1
C05.143,05,Control,17,-1
C05.143,05,Control,18,-1
C05.143,05,Control,19,-1
C05.143,05,Control,20,-1
C05.143,05,Control,21,-1
C05.143,05,Control,22,-1
C05.143,05,Control,23,-1
C05.143,05,Control,24,-1
C05.143,05,Control,25,-1
A02.145,02,ALAN,1,-0.382883685
A02.145,02,ALAN,2,-0.950584055
A02.145,02,ALAN,3,-0.807332808
A02.145,02,ALAN,4,-0.950849159
A02.145,02,ALAN,5,-1
A02.145,02,ALAN,6,-0.97132554
A02.145,02,ALAN,7,-0.972454643
A02.145,02,ALAN,8,-0.974787578
A02.145,02,ALAN,9,-1
A02.145,02,ALAN,10,-0.95340395
A02.145,02,ALAN,11,-1
A02.145,02,ALAN,12,-0.95367287
A02.145,02,ALAN,13,-0.976364315
A02.145,02,ALAN,14,-1
A02.145,02,ALAN,15,-0.955840128
A02.145,02,ALAN,16,-0.978575457
A02.145,02,ALAN,17,-0.898779632
A02.145,02,ALAN,18,-1
A02.145,02,ALAN,19,-1
A02.145,02,ALAN,20,-1
A02.145,02,ALAN,21,-1
A02.145,02,ALAN,22,-1
A02.145,02,ALAN,23,-1
A02.145,02,ALAN,24,-1
A02.145,02,ALAN,25,-1
A02.146,02,ALAN,1,-0.560010412
A02.146,02,ALAN,2,-0.701998198
A02.146,02,ALAN,3,-1
A02.146,02,ALAN,4,-1
A02.146,02,ALAN,5,-1
A02.146,02,ALAN,6,-1
A02.146,02,ALAN,7,-1
A02.146,02,ALAN,8,-1
A02.146,02,ALAN,9,-1
A02.146,02,ALAN,10,-1
A02.146,02,ALAN,11,-1
A02.146,02,ALAN,12,-1
A02.146,02,ALAN,13,-1
A02.146,02,ALAN,14,-1
A02.146,02,ALAN,15,-1
A02.146,02,ALAN,16,-1
A02.146,02,ALAN,17,-1
A02.146,02,ALAN,18,-1
A02.146,02,ALAN,19,-1
A02.146,02,ALAN,20,-1
A02.146,02,ALAN,21,-1
A02.146,02,ALAN,22,-1
A02.146,02,ALAN,23,-1
A02.146,02,ALAN,24,-1
A02.146,02,ALAN,25,-1
A02.147,02,ALAN,1,1.347169071
A02.147,02,ALAN,2,1.009670842
A02.147,02,ALAN,3,-1
A02.147,02,ALAN,4,-0.962394015
A02.147,02,ALAN,5,-1
A02.147,02,ALAN,6,-1
A02.147,02,ALAN,7,-0.962897727
A02.147,02,ALAN,8,-1
A02.147,02,ALAN,9,-1
A02.147,02,ALAN,10,-1
A02.147,02,ALAN,11,-1
A02.147,02,ALAN,12,-1
A02.147,02,ALAN,13,-1
A02.147,02,ALAN,14,-1
A02.147,02,ALAN,15,-1
A02.147,02,ALAN,16,-1
A02.147,02,ALAN,17,-1
A02.147,02,ALAN,18,-1
A02.147,02,ALAN,19,-1
A02.147,02,ALAN,20,-1
A02.147,02,ALAN,21,-1
A02.147,02,ALAN,22,-1
A02.147,02,ALAN,23,-1
A02.147,02,ALAN,24,-1
A02.147,02,ALAN,25,-1
C01.149,01,Control,1,-0.831665776
C01.149,01,Control,2,-1
C01.149,01,Control,3,-1
C01.149,01,Control,4,-1
C01.149,01,Control,5,-1
C01.149,01,Control,6,-0.941908279
C01.149,01,Control,7,-0.942290073
C01.149,01,Control,8,-0.881743012
C01.149,01,Control,9,-1
C01.149,01,Control,10,-1
C01.149,01,Control,11,-0.885074405
C01.149,01,Control,12,-1
C01.149,01,Control,13,-1
C01.149,01,Control,14,-0.889959827
C01.149,01,Control,15,-1
C01.149,01,Control,16,-0.88910983
C01.149,01,Control,17,-1
C01.149,01,Control,18,-0.890382565
C01.149,01,Control,19,-1
C01.149,01,Control,20,-1
C01.149,01,Control,21,-0.666477897
C01.149,01,Control,22,-0.878860946
C01.149,01,Control,23,-0.890370601
C01.149,01,Control,24,-1
C01.149,01,Control,25,-1
C01.150,01,Control,1,-0.90253792
C01.150,01,Control,2,-1
C01.150,01,Control,3,-1
C01.150,01,Control,4,-0.914375723
C01.150,01,Control,5,-0.953791013
C01.150,01,Control,6,-0.897433158
C01.150,01,Control,7,-0.869763079
C01.150,01,Control,8,-1
C01.150,01,Control,9,-0.872712538
C01.150,01,Control,10,-0.95951459
C01.150,01,Control,11,-1
C01.150,01,Control,12,-1
C01.150,01,Control,13,-1
C01.150,01,Control,14,-1
C01.150,01,Control,15,-1
C01.150,01,Control,16,-1
C01.150,01,Control,17,-0.955852521
C01.150,01,Control,18,-0.95236499
C01.150,01,Control,19,-0.953818529
C01.150,01,Control,20,-0.858635075
C01.150,01,Control,21,-0.959733715
C01.150,01,Control,22,-0.820041254
C01.150,01,Control,23,-1
C01.150,01,Control,24,-1
C01.150,01,Control,25,-0.905943907
C01.151,01,Control,1,-0.970608767
C01.151,01,Control,2,-1
C01.151,01,Control,3,-1
C01.151,01,Control,4,-0.515858584
C01.151,01,Control,5,-0.697415169
C01.151,01,Control,6,-0.735942381
C01.151,01,Control,7,-0.885274527
C01.151,01,Control,8,-0.81810078
C01.151,01,Control,9,-0.250724722
C01.151,01,Control,10,-0.429326972
C01.151,01,Control,11,-0.970641182
C01.151,01,Control,12,-0.969237659
C01.151,01,Control,13,-0.8610821
C01.151,01,Control,14,-0.969741801
C01.151,01,Control,15,-0.929471561
C01.151,01,Control,16,-0.949491379
C01.151,01,Control,17,-1
C01.151,01,Control,18,-0.935871579
C01.151,01,Control,19,-1
C01.151,01,Control,20,-0.951440701
C01.151,01,Control,21,-0.965812449
C01.151,01,Control,22,-1
C01.151,01,Control,23,-1
C01.151,01,Control,24,-1
C01.151,01,Control,25,-1
C01.152,01,Control,1,-0.82774734
C01.152,01,Control,2,-0.947030666
C01.152,01,Control,3,-1
C01.152,01,Control,4,-1
C01.152,01,Control,5,-1
C01.152,01,Control,6,-1
C01.152,01,Control,7,-1
C01.152,01,Control,8,-1
C01.152,01,Control,9,-1
C01.152,01,Control,10,-1
C01.152,01,Control,11,-1
C01.152,01,Control,12,-1
C01.152,01,Control,13,-1
C01.152,01,Control,14,-1
C01.152,01,Control,15,-1
C01.152,01,Control,16,-1
C01.152,01,Control,17,-1
C01.152,01,Control,18,-1
C01.152,01,Control,19,-1
C01.152,01,Control,20,-1
C01.152,01,Control,21,-1
C01.152,01,Control,22,-1
C01.152,01,Control,23,-1
C01.152,01,Control,24,-1
C01.152,01,Control,25,-1
C03.154,03,Control,1,-1
C03.154,03,Control,2,-1
C03.154,03,Control,3,-0.927331583
C03.154,03,Control,4,-0.933542904
C03.154,03,Control,5,-1
C03.154,03,Control,6,-1
C03.154,03,Control,7,-1
C03.154,03,Control,8,-1
C03.154,03,Control,9,-1
C03.154,03,Control,10,-1
C03.154,03,Control,11,-1
C03.154,03,Control,12,-1
C03.154,03,Control,13,-1
C03.154,03,Control,14,-1
C03.154,03,Control,15,-1
C03.154,03,Control,16,-1
C03.154,03,Control,17,-1
C03.154,03,Control,18,-1
C03.154,03,Control,19,-1
C03.154,03,Control,20,-1
C03.154,03,Control,21,-1
C03.154,03,Control,22,-1
C03.154,03,Control,23,-1
C03.154,03,Control,24,-1
C03.154,03,Control,25,-1
C03.155,03,Control,1,0.053104192
C03.155,03,Control,2,0.221498417
C03.155,03,Control,3,0.01479868
C03.155,03,Control,4,0.244816931
C03.155,03,Control,5,-0.880448794
C03.155,03,Control,6,-0.942661942
C03.155,03,Control,7,-1
C03.155,03,Control,8,-1
C03.155,03,Control,9,-1
C03.155,03,Control,10,-1
C03.155,03,Control,11,-1
C03.155,03,Control,12,-1
C03.155,03,Control,13,-1
C03.155,03,Control,14,-1
C03.155,03,Control,15,-1
C03.155,03,Control,16,-1
C03.155,03,Control,17,-1
C03.155,03,Control,18,-1
C03.155,03,Control,19,-1
C03.155,03,Control,20,-1
C03.155,03,Control,21,-1
C03.155,03,Control,22,-0.663294723
C03.155,03,Control,23,-0.896050181
C03.155,03,Control,24,-1
C03.155,03,Control,25,-1
C03.156,03,Control,1,-1
C03.156,03,Control,2,-1
C03.156,03,Control,3,-1
C03.156,03,Control,4,-1
C03.156,03,Control,5,-1
C03.156,03,Control,6,-1
C03.156,03,Control,7,-1
C03.156,03,Control,8,-1
C03.156,03,Control,9,-1
C03.156,03,Control,10,-1
C03.156,03,Control,11,-1
C03.156,03,Control,12,-1
C03.156,03,Control,13,-1
C03.156,03,Control,14,-1
C03.156,03,Control,15,-1
C03.156,03,Control,16,-1
C03.156,03,Control,17,-1
C03.156,03,Control,18,-1
C03.156,03,Control,19,-1
C03.156,03,Control,20,-1
C03.156,03,Control,21,-1
C03.156,03,Control,22,-1
C03.156,03,Control,23,-1
C03.156,03,Control,24,-1
C03.156,03,Control,25,-1
A03.157,03,ALAN,1,-0.20154146
A03.157,03,ALAN,2,0.398125271
A03.157,03,ALAN,3,-0.334982284
A03.157,03,ALAN,4,-0.919426784
A03.157,03,ALAN,5,-1
A03.157,03,ALAN,6,-1
A03.157,03,ALAN,7,-1
A03.157,03,ALAN,8,-0.919083438
A03.157,03,ALAN,9,-0.7762274
A03.157,03,ALAN,10,-0.859778804
A03.157,03,ALAN,11,-0.788455067
A03.157,03,ALAN,12,-0.913649459
A03.157,03,ALAN,13,-1
A03.157,03,ALAN,14,-0.961797854
A03.157,03,ALAN,15,-0.962835091
A03.157,03,ALAN,16,-1
A03.157,03,ALAN,17,-1
A03.157,03,ALAN,18,-1
A03.157,03,ALAN,19,-0.926446491
A03.157,03,ALAN,20,-0.908826234
A03.157,03,ALAN,21,-0.836768837
A03.157,03,ALAN,22,-0.96111458
A03.157,03,ALAN,23,-0.963248438
A03.157,03,ALAN,24,-1
A03.157,03,ALAN,25,-1
A03.158,03,ALAN,1,-1
A03.158,03,ALAN,2,-1
A03.158,03,ALAN,3,-0.782640836
A03.158,03,ALAN,4,-1
A03.158,03,ALAN,5,-1
A03.158,03,ALAN,6,-1
A03.158,03,ALAN,7,-1
A03.158,03,ALAN,8,-1
A03.158,03,ALAN,9,-1
A03.158,03,ALAN,10,-1
A03.158,03,ALAN,11,-1
A03.158,03,ALAN,12,-1
A03.158,03,ALAN,13,-1
A03.158,03,ALAN,14,-1
A03.158,03,ALAN,15,-1
A03.158,03,ALAN,16,-1
A03.158,03,ALAN,17,-1
A03.158,03,ALAN,18,-1
A03.158,03,ALAN,19,-1
A03.158,03,ALAN,20,-1
A03.158,03,ALAN,21,-1
A03.158,03,ALAN,22,-1
A03.158,03,ALAN,23,-1
A03.158,03,ALAN,24,-1
A03.158,03,ALAN,25,-1
A03.159,03,ALAN,1,0.303566905
A03.159,03,ALAN,2,0.193582756
A03.159,03,ALAN,3,-0.941215135
A03.159,03,ALAN,4,-1
A03.159,03,ALAN,5,-1
A03.159,03,ALAN,6,-1
A03.159,03,ALAN,7,-0.889018298
A03.159,03,ALAN,8,-1
A03.159,03,ALAN,9,-1
A03.159,03,ALAN,10,-0.875335368
A03.159,03,ALAN,11,-1
A03.159,03,ALAN,12,-1
A03.159,03,ALAN,13,-1
A03.159,03,ALAN,14,-1
A03.159,03,ALAN,15,-1
A03.159,03,ALAN,16,-1
A03.159,03,ALAN,17,-1
A03.159,03,ALAN,18,-1
A03.159,03,ALAN,19,-1
A03.159,03,ALAN,20,-1
A03.159,03,ALAN,21,-1
A03.159,03,ALAN,22,-1
A03.159,03,ALAN,23,-1
A03.159,03,ALAN,24,-1
A03.159,03,ALAN,25,-1
A03.160,03,ALAN,1,-0.20941101
A03.160,03,ALAN,2,-0.476871983
A03.160,03,ALAN,3,-0.970224416
A03.160,03,ALAN,4,-1
A03.160,03,ALAN,5,-0.935433285
A03.160,03,ALAN,6,-0.938281191
A03.160,03,ALAN,7,-1
A03.160,03,ALAN,8,-1
A03.160,03,ALAN,9,-1
A03.160,03,ALAN,10,-0.933659708
A03.160,03,ALAN,11,-1
A03.160,03,ALAN,12,-1
A03.160,03,ALAN,13,-1
A03.160,03,ALAN,14,-1
A03.160,03,ALAN,15,-1
A03.160,03,ALAN,16,-1
A03.160,03,ALAN,17,-1
A03.160,03,ALAN,18,-1
A03.160,03,ALAN,19,-0.934480501
A03.160,03,ALAN,20,-1
A03.160,03,ALAN,21,-1
A03.160,03,ALAN,22,-1
A03.160,03,ALAN,23,-1
A03.160,03,ALAN,24,-1
A03.160,03,ALAN,25,-1
A05.161,05,ALAN,1,0.377016519
A05.161,05,ALAN,2,-0.828847924
A05.161,05,ALAN,3,-0.919528415
A05.161,05,ALAN,4,-0.920793067
A05.161,05,ALAN,5,-0.917505513
A05.161,05,ALAN,6,-1
A05.161,05,ALAN,7,-0.917318658
A05.161,05,ALAN,8,-1
A05.161,05,ALAN,9,-1
A05.161,05,ALAN,10,-0.914169987
A05.161,05,ALAN,11,-1
A05.161,05,ALAN,12,-1
A05.161,05,ALAN,13,-1
A05.161,05,ALAN,14,-1
A05.161,05,ALAN,15,-0.921032922
A05.161,05,ALAN,16,-1
A05.161,05,ALAN,17,-1
A05.161,05,ALAN,18,-1
A05.161,05,ALAN,19,-1
A05.161,05,ALAN,20,-1
A05.161,05,ALAN,21,-1
A05.161,05,ALAN,22,-1
A05.161,05,ALAN,23,-1
A05.161,05,ALAN,24,-1
A05.161,05,ALAN,25,-1
A05.162,05,ALAN,1,-1
A05.162,05,ALAN,2,-1
A05.162,05,ALAN,3,-1
A05.162,05,ALAN,4,-1
A05.162,05,ALAN,5,-1
A05.162,05,ALAN,6,-1
A05.162,05,ALAN,7,-1
A05.162,05,ALAN,8,-1
A05.162,05,ALAN,9,-1
A05.162,05,ALAN,10,-1
A05.162,05,ALAN,11,-1
A05.162,05,ALAN,12,-1
A05.162,05,ALAN,13,-1
A05.162,05,ALAN,14,-1
A05.162,05,ALAN,15,-1
A05.162,05,ALAN,16,-1
A05.162,05,ALAN,17,-1
A05.162,05,ALAN,18,-1
A05.162,05,ALAN,19,-1
A05.162,05,ALAN,20,-1
A05.162,05,ALAN,21,-1
A05.162,05,ALAN,22,-1
A05.162,05,ALAN,23,-1
A05.162,05,ALAN,24,-1
A05.162,05,ALAN,25,-1
A05.163,05,ALAN,1,-0.666981177
A05.163,05,ALAN,2,-0.803989794
A05.163,05,ALAN,3,-1
A05.163,05,ALAN,4,-0.956471959
A05.163,05,ALAN,5,-0.904522409
A05.163,05,ALAN,6,-0.905988158
A05.163,05,ALAN,7,-0.854533288
A05.163,05,ALAN,8,-1
A05.163,05,ALAN,9,-0.960301738
A05.163,05,ALAN,10,-0.908636403
A05.163,05,ALAN,11,-0.960925817
A05.163,05,ALAN,12,-1
A05.163,05,ALAN,13,-1
A05.163,05,ALAN,14,-1
A05.163,05,ALAN,15,-1
A05.163,05,ALAN,16,-1
A05.163,05,ALAN,17,-1
A05.163,05,ALAN,18,-0.907345882
A05.163,05,ALAN,19,-0.873256054
A05.163,05,ALAN,20,-1
A05.163,05,ALAN,21,-0.872005969
A05.163,05,ALAN,22,-0.921376402
A05.163,05,ALAN,23,-1
A05.163,05,ALAN,24,-1
A05.163,05,ALAN,25,-0.957543735
A05.164,05,ALAN,1,-0.768691289
A05.164,05,ALAN,2,-0.23861257
A05.164,05,ALAN,3,0.761594296
A05.164,05,ALAN,4,-0.447539463
A05.164,05,ALAN,5,-0.061326985
A05.164,05,ALAN,6,-0.771217064
A05.164,05,ALAN,7,-0.556699762
A05.164,05,ALAN,8,-0.7699567
A05.164,05,ALAN,9,-0.533849723
A05.164,05,ALAN,10,-0.542911432
A05.164,05,ALAN,11,-1
A05.164,05,ALAN,12,-1
A05.164,05,ALAN,13,-1
A05.164,05,ALAN,14,-0.47564489
A05.164,05,ALAN,15,-1
A05.164,05,ALAN,16,-1
A05.164,05,ALAN,17,-1
A05.164,05,ALAN,18,-0.528612499
A05.164,05,ALAN,19,-1
A05.164,05,ALAN,20,-1
A05.164,05,ALAN,21,-1
A05.164,05,ALAN,22,-1
A05.164,05,ALAN,23,-0.497209337
A05.164,05,ALAN,24,-1
A05.164,05,ALAN,25,-1
C05.165,05,Control,1,-0.282182251
C05.165,05,Control,2,-0.921036287
C05.165,05,Control,3,-1
C05.165,05,Control,4,-1
C05.165,05,Control,5,-1
C05.165,05,Control,6,-1
C05.165,05,Control,7,-1
C05.165,05,Control,8,-0.968723665
C05.165,05,Control,9,-1
C05.165,05,Control,10,-1
C05.165,05,Control,11,-1
C05.165,05,Control,12,-1
C05.165,05,Control,13,-1
C05.165,05,Control,14,-1
C05.165,05,Control,15,-1
C05.165,05,Control,16,-1
C05.165,05,Control,17,-1
C05.165,05,Control,18,-1
C05.165,05,Control,19,-1
C05.165,05,Control,20,-1
C05.165,05,Control,21,-1
C05.165,05,Control,22,-1
C05.165,05,Control,23,-1
C05.165,05,Control,24,-1
C05.165,05,Control,25,-1
C05.166,05,Control,1,-0.885109172
C05.166,05,Control,2,-0.848058208
C05.166,05,Control,3,-0.5439726
C05.166,05,Control,4,-1
C05.166,05,Control,5,-0.724395255
C05.166,05,Control,6,-0.493489775
C05.166,05,Control,7,-0.634147908
C05.166,05,Control,8,-0.816490586
C05.166,05,Control,9,-0.056675134
C05.166,05,Control,10,-0.157647048
C05.166,05,Control,11,-1
C05.166,05,Control,12,-1
C05.166,05,Control,13,-1
C05.166,05,Control,14,-1
C05.166,05,Control,15,-1
C05.166,05,Control,16,-1
C05.166,05,Control,17,-1
C05.166,05,Control,18,-1
C05.166,05,Control,19,-1
C05.166,05,Control,20,-1
C05.166,05,Control,21,-1
C05.166,05,Control,22,-1
C05.166,05,Control,23,-0.927763126
C05.166,05,Control,24,-1
C05.166,05,Control,25,-1
C05.167,05,Control,1,-0.022361599
C05.167,05,Control,2,-0.031277138
C05.167,05,Control,3,-1
C05.167,05,Control,4,-1
C05.167,05,Control,5,-1
C05.167,05,Control,6,-1
C05.167,05,Control,7,-1
C05.167,05,Control,8,-1
C05.167,05,Control,9,-1
C05.167,05,Control,10,-1
C05.167,05,Control,11,-1
C05.167,05,Control,12,-1
C05.167,05,Control,13,-1
C05.167,05,Control,14,-1
C05.167,05,Control,15,-1
C05.167,05,Control,16,-1
C05.167,05,Control,17,-1
C05.167,05,Control,18,-1
C05.167,05,Control,19,-1
C05.167,05,Control,20,-1
C05.167,05,Control,21,-1
C05.167,05,Control,22,-1
C05.167,05,Control,23,-1
C05.167,05,Control,24,-1
C05.167,05,Control,25,-1
C05.168,05,Control,1,-0.138902494
C05.168,05,Control,2,-1
C05.168,05,Control,3,-1
C05.168,05,Control,4,-1
C05.168,05,Control,5,-1
C05.168,05,Control,6,-1
C05.168,05,Control,7,-1
C05.168,05,Control,8,-1
C05.168,05,Control,9,-1
C05.168,05,Control,10,-1
C05.168,05,Control,11,-1
C05.168,05,Control,12,-1
C05.168,05,Control,13,-1
C05.168,05,Control,14,-1
C05.168,05,Control,15,-1
C05.168,05,Control,16,-1
C05.168,05,Control,17,-1
C05.168,05,Control,18,-1
C05.168,05,Control,19,-1
C05.168,05,Control,20,-1
C05.168,05,Control,21,-1
C05.168,05,Control,22,-1
C05.168,05,Control,23,-1
C05.168,05,Control,24,-1
C05.168,05,Control,25,-1
C01.169,01,Control,1,-1
C01.169,01,Control,2,-1
C01.169,01,Control,3,-1
C01.169,01,Control,4,-1
C01.169,01,Control,5,-1
C01.169,01,Control,6,-1
C01.169,01,Control,7,-1
C01.169,01,Control,8,-1
C01.169,01,Control,9,-1
C01.169,01,Control,10,-1
C01.169,01,Control,11,-1
C01.169,01,Control,12,-1
C01.169,01,Control,13,-1
C01.169,01,Control,14,-1
C01.169,01,Control,15,-1
C01.169,01,Control,16,-1
C01.169,01,Control,17,-1
C01.169,01,Control,18,-1
C01.169,01,Control,19,-1
C01.169,01,Control,20,-1
C01.169,01,Control,21,-1
C01.169,01,Control,22,-1
C01.169,01,Control,23,-1
C01.169,01,Control,24,-1
C01.169,01,Control,25,-1
C01.170,01,Control,1,-1
C01.170,01,Control,2,-1
C01.170,01,Control,3,-1
C01.170,01,Control,4,-1
C01.170,01,Control,5,-1
C01.170,01,Control,6,-1
C01.170,01,Control,7,-1
C01.170,01,Control,8,-1
C01.170,01,Control,9,-1
C01.170,01,Control,10,-1
C01.170,01,Control,11,-1
C01.170,01,Control,12,-1
C01.170,01,Control,13,-1
C01.170,01,Control,14,-1
C01.170,01,Control,15,-1
C01.170,01,Control,16,-1
C01.170,01,Control,17,-1
C01.170,01,Control,18,-1
C01.170,01,Control,19,-1
C01.170,01,Control,20,-1
C01.170,01,Control,21,-1
C01.170,01,Control,22,-1
C01.170,01,Control,23,-1
C01.170,01,Control,24,-1
C01.170,01,Control,25,-1
C01.171,01,Control,1,-0.789496606
C01.171,01,Control,2,-0.88316627
C01.171,01,Control,3,-0.794956744
C01.171,01,Control,4,-0.960458231
C01.171,01,Control,5,-1
C01.171,01,Control,6,-0.956580974
C01.171,01,Control,7,-0.980777248
C01.171,01,Control,8,-0.952910718
C01.171,01,Control,9,-0.927117498
C01.171,01,Control,10,-1
C01.171,01,Control,11,-0.732330387
C01.171,01,Control,12,-0.875006567
C01.171,01,Control,13,-0.634311424
C01.171,01,Control,14,-0.901975953
C01.171,01,Control,15,-0.897204687
C01.171,01,Control,16,-0.885246443
C01.171,01,Control,17,-0.91676425
C01.171,01,Control,18,-0.971052797
C01.171,01,Control,19,-0.95353782
C01.171,01,Control,20,-0.949254696
C01.171,01,Control,21,-0.960166838
C01.171,01,Control,22,-0.864546387
C01.171,01,Control,23,-1
C01.171,01,Control,24,-0.766879062
C01.171,01,Control,25,-0.928171989
C01.172,01,Control,1,-1
C01.172,01,Control,2,-0.567090579
C01.172,01,Control,3,-0.901375246
C01.172,01,Control,4,-0.839820766
C01.172,01,Control,5,-0.875083434
C01.172,01,Control,6,-1
C01.172,01,Control,7,-0.80259996
C01.172,01,Control,8,-1
C01.172,01,Control,9,-1
C01.172,01,Control,10,-0.739596342
C01.172,01,Control,11,-1
C01.172,01,Control,12,-1
C01.172,01,Control,13,-1
C01.172,01,Control,14,-1
C01.172,01,Control,15,-1
C01.172,01,Control,16,-1
C01.172,01,Control,17,-1
C01.172,01,Control,18,-1
C01.172,01,Control,19,-1
C01.172,01,Control,20,-1
C01.172,01,Control,21,-1
C01.172,01,Control,22,-1
C01.172,01,Control,23,-1
C01.172,01,Control,24,-1
C01.172,01,Control,25,-1
A02.173,02,ALAN,1,-1
A02.173,02,ALAN,2,-1
A02.173,02,ALAN,3,-0.71415265
A02.173,02,ALAN,4,-1
A02.173,02,ALAN,5,-1
A02.173,02,ALAN,6,-0.691409396
A02.173,02,ALAN,7,-1
A02.173,02,ALAN,8,-1
A02.173,02,ALAN,9,-1
A02.173,02,ALAN,10,-0.280210448
A02.173,02,ALAN,11,-1
A02.173,02,ALAN,12,-1
A02.173,02,ALAN,13,-1
A02.173,02,ALAN,14,-1
A02.173,02,ALAN,15,-1
A02.173,02,ALAN,16,-1
A02.173,02,ALAN,17,-1
A02.173,02,ALAN,18,-1
A02.173,02,ALAN,19,-1
A02.173,02,ALAN,20,-1
A02.173,02,ALAN,21,-1
A02.173,02,ALAN,22,-1
A02.173,02,ALAN,23,-1
A02.173,02,ALAN,24,-1
A02.173,02,ALAN,25,-1
A02.174,02,ALAN,1,-0.395121389
A02.174,02,ALAN,2,-0.391385111
A02.174,02,ALAN,3,-0.795014412
A02.174,02,ALAN,4,-0.818151005
A02.174,02,ALAN,5,-0.701628631
A02.174,02,ALAN,6,-1
A02.174,02,ALAN,7,-0.12038708
A02.174,02,ALAN,8,-0.94563569
A02.174,02,ALAN,9,-1
A02.174,02,ALAN,10,-0.864281203
A02.174,02,ALAN,11,-0.883474977
A02.174,02,ALAN,12,-0.940227222
A02.174,02,ALAN,13,-0.941680425
A02.174,02,ALAN,14,-0.8939825
A02.174,02,ALAN,15,-0.507707564
A02.174,02,ALAN,16,-0.970549069
A02.174,02,ALAN,17,-0.930508131
A02.174,02,ALAN,18,-0.921577737
A02.174,02,ALAN,19,-1
A02.174,02,ALAN,20,-0.935638563
A02.174,02,ALAN,21,-0.91171751
A02.174,02,ALAN,22,-1
A02.174,02,ALAN,23,-1
A02.174,02,ALAN,24,-0.841777473
A02.174,02,ALAN,25,-0.900034556
A02.175,02,ALAN,1,-1
A02.175,02,ALAN,2,-1
A02.175,02,ALAN,3,-1
A02.175,02,ALAN,4,-1
A02.175,02,ALAN,5,-1
A02.175,02,ALAN,6,-1
A02.175,02,ALAN,7,-1
A02.175,02,ALAN,8,-1
A02.175,02,ALAN,9,-1
A02.175,02,ALAN,10,-1
A02.175,02,ALAN,11,-0.742035675
A02.175,02,ALAN,12,-1
A02.175,02,ALAN,13,-1
A02.175,02,ALAN,14,-1
A02.175,02,ALAN,15,-1
A02.175,02,ALAN,16,-1
A02.175,02,ALAN,17,-1
A02.175,02,ALAN,18,-1
A02.175,02,ALAN,19,-1
A02.175,02,ALAN,20,-1
A02.175,02,ALAN,21,-1
A02.175,02,ALAN,22,-1
A02.175,02,ALAN,23,-1
A02.175,02,ALAN,24,-1
A02.175,02,ALAN,25,-1
A02.176,02,ALAN,1,-0.643758134
A02.176,02,ALAN,2,-0.349487225
A02.176,02,ALAN,3,-0.946799068
A02.176,02,ALAN,4,0.682629735
A02.176,02,ALAN,5,-0.821406414
A02.176,02,ALAN,6,-0.345695231
A02.176,02,ALAN,7,-0.442139076
A02.176,02,ALAN,8,-0.882472429
A02.176,02,ALAN,9,-0.939728346
A02.176,02,ALAN,10,-0.943333431
A02.176,02,ALAN,11,-0.891418842
A02.176,02,ALAN,12,-0.946305131
A02.176,02,ALAN,13,-0.920593459
A02.176,02,ALAN,14,-0.600884146
A02.176,02,ALAN,15,-0.949329429
A02.176,02,ALAN,16,-0.24167474
A02.176,02,ALAN,17,-0.617104091
A02.176,02,ALAN,18,-0.576639854
A02.176,02,ALAN,19,-0.807997925
A02.176,02,ALAN,20,-1
A02.176,02,ALAN,21,-0.852022233
A02.176,02,ALAN,22,-0.832892484
A02.176,02,ALAN,23,-0.556158197
A02.176,02,ALAN,24,-1
A02.176,02,ALAN,25,-0.729616201
A03.178,03,ALAN,1,-0.692685551
A03.178,03,ALAN,2,-0.668121293
A03.178,03,ALAN,3,-0.891693134
A03.178,03,ALAN,4,-0.982484571
A03.178,03,ALAN,5,-0.937295943
A03.178,03,ALAN,6,-1
A03.178,03,ALAN,7,-1
A03.178,03,ALAN,8,-0.883888932
A03.178,03,ALAN,9,-0.959735757
A03.178,03,ALAN,10,-0.878018781
A03.178,03,ALAN,11,-0.885992546
A03.178,03,ALAN,12,-0.817928061
A03.178,03,ALAN,13,-0.885876348
A03.178,03,ALAN,14,-0.964092924
A03.178,03,ALAN,15,-0.96200902
A03.178,03,ALAN,16,-1
A03.178,03,ALAN,17,-1
A03.178,03,ALAN,18,-1
A03.178,03,ALAN,19,-0.920154156
A03.178,03,ALAN,20,-0.959612759
A03.178,03,ALAN,21,-0.945282189
A03.178,03,ALAN,22,-0.964552724
A03.178,03,ALAN,23,-1
A03.178,03,ALAN,24,-0.963670996
A03.178,03,ALAN,25,-1
A03.179,03,ALAN,1,-0.17621541
A03.179,03,ALAN,2,-0.324569605
A03.179,03,ALAN,3,-0.763643723
A03.179,03,ALAN,4,-1
A03.179,03,ALAN,5,-0.673685918
A03.179,03,ALAN,6,-0.967559667
A03.179,03,ALAN,7,-1
A03.179,03,ALAN,8,-1
A03.179,03,ALAN,9,-1
A03.179,03,ALAN,10,-0.904329167
A03.179,03,ALAN,11,-1
A03.179,03,ALAN,12,-1
A03.179,03,ALAN,13,-0.970680374
A03.179,03,ALAN,14,-0.934814731
A03.179,03,ALAN,15,-1
A03.179,03,ALAN,16,-1
A03.179,03,ALAN,17,-0.972562229
A03.179,03,ALAN,18,-0.97165987
A03.179,03,ALAN,19,-0.97177258
A03.179,03,ALAN,20,-1
A03.179,03,ALAN,21,-1
A03.179,03,ALAN,22,-1
A03.179,03,ALAN,23,-1
A03.179,03,ALAN,24,-1
A03.179,03,ALAN,25,-1
